Workbook

Sheet 2022a_250206_1736
A1: Run | B1: Preset | C1: Body | D1: SuspF | E1: Tire | F1: TirDyn | G1: Drv | H1: Trail | I1: Mane | J1: Solv | K1: # Steps | L1: Time | M1: xFinal | N1: yFinal | O1: Figure | P1: Pass | R1: 06-Feb-2025 20:10:21
A2: 1 | B2: 0 | C2: HambaLG | D2: dwb | E2: MFEval | F2: steady | G2: f1Dr1D | H2: None | I2: WOT Braking | J2: ode23t | K2: 405 | L2: 7.1740468 | M2: 233.85666 | N2: 0.01469867 | O2: =HYPERLINK(".\sm_car_250206_1736\sm_car_250206_1736_001_Ca000TrN_MaWOT_ode23t.png","figure") -> figure | P2: Pass | R2: MATHWORKS-OL1OH
A3: 2 | B3: 0 | C3: HambaLG | D3: dwb | E3: MFEval | F3: steady | G3: f1Dr1D | H3: None | I3: Low Speed Steer | J3: ode23t | K3: 530 | L3: 7.5204423 | M3: 71.998676 | N3: -0.55228019 | O3: =HYPERLINK(".\sm_car_250206_1736\sm_car_250206_1736_002_Ca000TrN_MaLSS_ode23t.png","figure") -> figure | P3: Pass | R3: 9.12.0.2529717 (R2022a) Update 8
A4: 3 | B4: 1 | C4: HambaLG | D4: dwb | E4: MFEval | F4: steady | G4: f1D3Dr1D | H4: None | I4: WOT Braking | J4: ode23t | K4: 408 | L4: 7.8751305 | M4: 232.87017 | N4: -0.0016387418 | O4: =HYPERLINK(".\sm_car_250206_1736\sm_car_250206_1736_003_Ca001TrN_MaWOT_ode23t.png","figure") -> figure | P4: Pass | R4: MF-Swift Version: 2306
A5: 4 | B5: 1 | C5: HambaLG | D5: dwb | E5: MFEval | F5: steady | G5: f1D3Dr1D | H5: None | I5: Low Speed Steer | J5: ode23t | K5: 522 | L5: 8.0684342 | M5: 71.688581 | N5: -0.54782941 | O5: =HYPERLINK(".\sm_car_250206_1736\sm_car_250206_1736_004_Ca001TrN_MaLSS_ode23t.png","figure") -> figure | P5: Pass | R5: v3p8 R22asrc driverPTBSVDBS
A6: 5 | B6: 2 | C6: HambaLG | D6: dwb | E6: MFEval | F6: steady | G6: fCVpCVr1D | H6: None | I6: WOT Braking | J6: ode23t | K6: 428 | L6: 11.565881 | M6: 232.97358 | N6: 0.085568925 | O6: =HYPERLINK(".\sm_car_250206_1736\sm_car_250206_1736_005_Ca002TrN_MaWOT_ode23t.png","figure") -> figure | P6: Pass
A7: 6 | B7: 2 | C7: HambaLG | D7: dwb | E7: MFEval | F7: steady | G7: fCVpCVr1D | H7: None | I7: Low Speed Steer | J7: ode23t | K7: 528 | L7: 11.236034 | M7: 71.712082 | N7: -0.54151327 | O7: =HYPERLINK(".\sm_car_250206_1736\sm_car_250206_1736_006_Ca002TrN_MaLSS_ode23t.png","figure") -> figure | P7: Pass
A8: 7 | B8: 3 | C8: HambaLG | D8: dwb | E8: MFEval | F8: steady | G8: fCVpCVflexr1D | H8: None | I8: WOT Braking | J8: ode23t | K8: 489 | L8: 13.163961 | M8: 232.34106 | N8: -0.048462793 | O8: =HYPERLINK(".\sm_car_250206_1736\sm_car_250206_1736_007_Ca003TrN_MaWOT_ode23t.png","figure") -> figure | P8: Pass
A9: 8 | B9: 3 | C9: HambaLG | D9: dwb | E9: MFEval | F9: steady | G9: fCVpCVflexr1D | H9: None | I9: Low Speed Steer | J9: ode23t | K9: 548 | L9: 10.8038 | M9: 71.57939 | N9: -0.54118188 | O9: =HYPERLINK(".\sm_car_250206_1736\sm_car_250206_1736_008_Ca003TrN_MaLSS_ode23t.png","figure") -> figure | P9: Pass
A10: 9 | B10: 4 | C10: HambaLG | D10: dwb | E10: MFEval | F10: lintra | G10: f1Dr1D | H10: None | I10: WOT Braking | J10: ode23t | K10: 1115 | L10: 12.863715 | M10: 233.57455 | N10: 0.0064420198 | O10: =HYPERLINK(".\sm_car_250206_1736\sm_car_250206_1736_009_Ca004TrN_MaWOT_ode23t.png","figure") -> figure | P10: Pass
A11: 10 | B11: 4 | C11: HambaLG | D11: dwb | E11: MFEval | F11: lintra | G11: f1Dr1D | H11: None | I11: Low Speed Steer | J11: ode23t | K11: 1235 | L11: 13.246284 | M11: 71.991679 | N11: -0.55302258 | O11: =HYPERLINK(".\sm_car_250206_1736\sm_car_250206_1736_010_Ca004TrN_MaLSS_ode23t.png","figure") -> figure | P11: Pass
A12: 11 | B12: 5 | C12: HambaLG | D12: dwb | E12: MFEval | F12: lintra | G12: f1D3Dr1D | H12: None | I12: WOT Braking | J12: ode23t | K12: 1124 | L12: 14.029448 | M12: 232.8755 | N12: 0.0002839514 | O12: =HYPERLINK(".\sm_car_250206_1736\sm_car_250206_1736_011_Ca005TrN_MaWOT_ode23t.png","figure") -> figure | P12: Pass
A13: 12 | B13: 5 | C13: HambaLG | D13: dwb | E13: MFEval | F13: lintra | G13: f1D3Dr1D | H13: None | I13: Low Speed Steer | J13: ode23t | K13: 1228 | L13: 15.330192 | M13: 71.695992 | N13: -0.54397582 | O13: =HYPERLINK(".\sm_car_250206_1736\sm_car_250206_1736_012_Ca005TrN_MaLSS_ode23t.png","figure") -> figure | P13: Pass
A14: 13 | B14: 6 | C14: HambaLG | D14: dwb | E14: MFEval | F14: lintra | G14: fCVpCVr1D | H14: None | I14: WOT Braking | J14: ode23t | K14: 1265 | L14: 18.071551 | M14: 232.86941 | N14: 0.06881619 | O14: =HYPERLINK(".\sm_car_250206_1736\sm_car_250206_1736_013_Ca006TrN_MaWOT_ode23t.png","figure") -> figure | P14: Pass
A15: 14 | B15: 6 | C15: HambaLG | D15: dwb | E15: MFEval | F15: lintra | G15: fCVpCVr1D | H15: None | I15: Low Speed Steer | J15: ode23t | K15: 1275 | L15: 16.764358 | M15: 71.688618 | N15: -0.54460681 | O15: =HYPERLINK(".\sm_car_250206_1736\sm_car_250206_1736_014_Ca006TrN_MaLSS_ode23t.png","figure") -> figure | P15: Pass
A16: 15 | B16: 7 | C16: HambaLG | D16: dwb | E16: MFEval | F16: lintra | G16: fCVpCVflexr1D | H16: None | I16: WOT Braking | J16: ode23t | K16: 1226 | L16: 18.025031 | M16: 232.37116 | N16: 0.057937016 | O16: =HYPERLINK(".\sm_car_250206_1736\sm_car_250206_1736_015_Ca007TrN_MaWOT_ode23t.png","figure") -> figure | P16: Pass
A17: 16 | B17: 7 | C17: HambaLG | D17: dwb | E17: MFEval | F17: lintra | G17: fCVpCVflexr1D | H17: None | I17: Low Speed Steer | J17: ode23t | K17: 1273 | L17: 16.064877 | M17: 71.56671 | N17: -0.54087591 | O17: =HYPERLINK(".\sm_car_250206_1736\sm_car_250206_1736_016_Ca007TrN_MaLSS_ode23t.png","figure") -> figure | P17: Pass
A18: 17 | B18: 16 | C18: HambaLG | D18: dwa | E18: MFEval | F18: steady | G18: f1Dr1D | H18: None | I18: WOT Braking | J18: ode23t | K18: 408 | L18: 6.0051068 | M18: 234.50888 | N18: -0.070979457 | O18: =HYPERLINK(".\sm_car_250206_1736\sm_car_250206_1736_017_Ca016TrN_MaWOT_ode23t.png","figure") -> figure | P18: Pass
A19: 18 | B19: 16 | C19: HambaLG | D19: dwa | E19: MFEval | F19: steady | G19: f1Dr1D | H19: None | I19: Low Speed Steer | J19: ode23t | K19: 488 | L19: 5.8274708 | M19: 72.265649 | N19: -0.021675994 | O19: =HYPERLINK(".\sm_car_250206_1736\sm_car_250206_1736_018_Ca016TrN_MaLSS_ode23t.png","figure") -> figure | P19: Pass
A20: 19 | B20: 32 | C20: HambaLG | D20: S2LAF | E20: MFEval | F20: steady | G20: f1Dr1D | H20: None | I20: WOT Braking | J20: ode23t | K20: 405 | L20: 8.2639658 | M20: 233.64089 | N20: 0.021192627 | O20: =HYPERLINK(".\sm_car_250206_1736\sm_car_250206_1736_019_Ca032TrN_MaWOT_ode23t.png","figure") -> figure | P20: Pass
A21: 20 | B21: 32 | C21: HambaLG | D21: S2LAF | E21: MFEval | F21: steady | G21: f1Dr1D | H21: None | I21: Low Speed Steer | J21: ode23t | K21: 519 | L21: 8.3274762 | M21: 71.988725 | N21: -0.53279597 | O21: =HYPERLINK(".\sm_car_250206_1736\sm_car_250206_1736_020_Ca032TrN_MaLSS_ode23t.png","figure") -> figure | P21: Pass
A22: 21 | B22: 48 | C22: HambaLG | D22: S2LAR | E22: MFEval | F22: steady | G22: f1Dr1D | H22: None | I22: WOT Braking | J22: ode23t | K22: 392 | L22: 7.3176523 | M22: 233.76185 | N22: -0.0043853866 | O22: =HYPERLINK(".\sm_car_250206_1736\sm_car_250206_1736_021_Ca048TrN_MaWOT_ode23t.png","figure") -> figure | P22: Pass
A23: 22 | B23: 48 | C23: HambaLG | D23: S2LAR | E23: MFEval | F23: steady | G23: f1Dr1D | H23: None | I23: Low Speed Steer | J23: ode23t | K23: 520 | L23: 9.2079311 | M23: 71.987547 | N23: -0.53897106 | O23: =HYPERLINK(".\sm_car_250206_1736\sm_car_250206_1736_022_Ca048TrN_MaLSS_ode23t.png","figure") -> figure | P23: Pass
A24: 23 | B24: 64 | C24: HambaLG | D24: 5S2LAF | E24: MFEval | F24: steady | G24: f1Dr1D | H24: None | I24: WOT Braking | J24: ode23t | K24: 398 | L24: 8.4117453 | M24: 233.73834 | N24: 0.021688879 | O24: =HYPERLINK(".\sm_car_250206_1736\sm_car_250206_1736_023_Ca064TrN_MaWOT_ode23t.png","figure") -> figure | P24: Pass
A25: 24 | B25: 64 | C25: HambaLG | D25: 5S2LAF | E25: MFEval | F25: steady | G25: f1Dr1D | H25: None | I25: Low Speed Steer | J25: ode23t | K25: 527 | L25: 9.02925 | M25: 72.005755 | N25: -0.52789155 | O25: =HYPERLINK(".\sm_car_250206_1736\sm_car_250206_1736_024_Ca064TrN_MaLSS_ode23t.png","figure") -> figure | P25: Pass
A26: 25 | B26: 80 | C26: HambaLG | D26: 5S2LAR | E26: MFEval | F26: steady | G26: f1Dr1D | H26: None | I26: WOT Braking | J26: ode23t | K26: 405 | L26: 9.8118068 | M26: 233.76989 | N26: -0.0057554177 | O26: =HYPERLINK(".\sm_car_250206_1736\sm_car_250206_1736_025_Ca080TrN_MaWOT_ode23t.png","figure") -> figure | P26: Pass
A27: 26 | B27: 80 | C27: HambaLG | D27: 5S2LAR | E27: MFEval | F27: steady | G27: f1Dr1D | H27: None | I27: Low Speed Steer | J27: ode23t | K27: 518 | L27: 8.9876971 | M27: 71.987062 | N27: -0.53765599 | O27: =HYPERLINK(".\sm_car_250206_1736\sm_car_250206_1736_026_Ca080TrN_MaLSS_ode23t.png","figure") -> figure | P27: Pass
A28: 27 | B28: 96 | C28: HambaLG | D28: 5CS2LAF | E28: MFEval | F28: steady | G28: f1Dr1D | H28: None | I28: WOT Braking | J28: ode23t | K28: 415 | L28: 6.750561 | M28: 235.611 | N28: 0.030590079 | O28: =HYPERLINK(".\sm_car_250206_1736\sm_car_250206_1736_027_Ca096TrN_MaWOT_ode23t.png","figure") -> figure | P28: Pass
A29: 28 | B29: 96 | C29: HambaLG | D29: 5CS2LAF | E29: MFEval | F29: steady | G29: f1Dr1D | H29: None | I29: Low Speed Steer | J29: ode23t | K29: 519 | L29: 6.6101515 | M29: 72.511817 | N29: -0.53964081 | O29: =HYPERLINK(".\sm_car_250206_1736\sm_car_250206_1736_028_Ca096TrN_MaLSS_ode23t.png","figure") -> figure | P29: Pass
A30: 29 | B30: 112 | C30: HambaLG | D30: 15DOF | E30: MFEval | F30: steady | G30: f1Dr1D | H30: None | I30: WOT Braking | J30: ode23t | K30: 371 | L30: 2.4924347 | M30: 242.67152 | N30: 0.23455913 | O30: =HYPERLINK(".\sm_car_250206_1736\sm_car_250206_1736_029_Ca112TrN_MaWOT_ode23t.png","figure") -> figure | P30: Pass
A31: 30 | B31: 112 | C31: HambaLG | D31: 15DOF | E31: MFEval | F31: steady | G31: f1Dr1D | H31: None | I31: Low Speed Steer | J31: ode23t | K31: 480 | L31: 2.7779492 | M31: 74.659634 | N31: -0.33798931 | O31: =HYPERLINK(".\sm_car_250206_1736\sm_car_250206_1736_030_Ca112TrN_MaLSS_ode23t.png","figure") -> figure | P31: Pass
A32: 31 | B32: 113 | C32: HambaLG | D32: 15DOF | E32: MFEval | F32: steady | G32: f1D3Dr1D | H32: None | I32: WOT Braking | J32: ode23t | K32: 366 | L32: 2.9230039 | M32: 241.4988 | N32: 0.22933556 | O32: =HYPERLINK(".\sm_car_250206_1736\sm_car_250206_1736_031_Ca113TrN_MaWOT_ode23t.png","figure") -> figure | P32: Pass
A33: 32 | B33: 113 | C33: HambaLG | D33: 15DOF | E33: MFEval | F33: steady | G33: f1D3Dr1D | H33: None | I33: Low Speed Steer | J33: ode23t | K33: 487 | L33: 3.2996583 | M33: 74.346228 | N33: -0.33396938 | O33: =HYPERLINK(".\sm_car_250206_1736\sm_car_250206_1736_032_Ca113TrN_MaLSS_ode23t.png","figure") -> figure | P33: Pass
A34: 33 | B34: 114 | C34: HambaLG | D34: 15DOF | E34: MFEval | F34: steady | G34: fCVpCVr1D | H34: None | I34: WOT Braking | J34: ode23t | K34: 382 | L34: 3.1467154 | M34: 241.61378 | N34: 0.23021245 | O34: =HYPERLINK(".\sm_car_250206_1736\sm_car_250206_1736_033_Ca114TrN_MaWOT_ode23t.png","figure") -> figure | P34: Pass
A35: 34 | B35: 114 | C35: HambaLG | D35: 15DOF | E35: MFEval | F35: steady | G35: fCVpCVr1D | H35: None | I35: Low Speed Steer | J35: ode23t | K35: 482 | L35: 3.2255832 | M35: 74.351409 | N35: -0.3342006 | O35: =HYPERLINK(".\sm_car_250206_1736\sm_car_250206_1736_034_Ca114TrN_MaLSS_ode23t.png","figure") -> figure | P35: Pass
A36: 35 | B36: 115 | C36: HambaLG | D36: 15DOF | E36: MFEval | F36: steady | G36: fCVpCVflexr1D | H36: None | I36: WOT Braking | J36: ode23t | K36: 394 | L36: 3.1625977 | M36: 241.17294 | N36: 0.22843005 | O36: =HYPERLINK(".\sm_car_250206_1736\sm_car_250206_1736_035_Ca115TrN_MaWOT_ode23t.png","figure") -> figure | P36: Pass
A37: 36 | B37: 115 | C37: HambaLG | D37: 15DOF | E37: MFEval | F37: steady | G37: fCVpCVflexr1D | H37: None | I37: Low Speed Steer | J37: ode23t | K37: 505 | L37: 3.4018562 | M37: 74.209226 | N37: -0.33168045 | O37: =HYPERLINK(".\sm_car_250206_1736\sm_car_250206_1736_036_Ca115TrN_MaLSS_ode23t.png","figure") -> figure | P37: Pass
A38: 37 | B38: 116 | C38: HambaLG | D38: 15DOF | E38: MFEval | F38: lintra | G38: f1Dr1D | H38: None | I38: WOT Braking | J38: ode23t | K38: 943 | L38: 4.5672407 | M38: 242.63119 | N38: 0.23279194 | O38: =HYPERLINK(".\sm_car_250206_1736\sm_car_250206_1736_037_Ca116TrN_MaWOT_ode23t.png","figure") -> figure | P38: Pass
A39: 38 | B39: 116 | C39: HambaLG | D39: 15DOF | E39: MFEval | F39: lintra | G39: f1Dr1D | H39: None | I39: Low Speed Steer | J39: ode23t | K39: 1060 | L39: 5.0453644 | M39: 74.660234 | N39: -0.34043153 | O39: =HYPERLINK(".\sm_car_250206_1736\sm_car_250206_1736_038_Ca116TrN_MaLSS_ode23t.png","figure") -> figure | P39: Pass
A40: 39 | B40: 117 | C40: HambaLG | D40: 15DOF | E40: MFEval | F40: lintra | G40: f1D3Dr1D | H40: None | I40: WOT Braking | J40: ode23t | K40: 951 | L40: 5.1886307 | M40: 241.56098 | N40: 0.2297138 | O40: =HYPERLINK(".\sm_car_250206_1736\sm_car_250206_1736_039_Ca117TrN_MaWOT_ode23t.png","figure") -> figure | P40: Pass
A41: 40 | B41: 117 | C41: HambaLG | D41: 15DOF | E41: MFEval | F41: lintra | G41: f1D3Dr1D | H41: None | I41: Low Speed Steer | J41: ode23t | K41: 1068 | L41: 5.2299347 | M41: 74.350658 | N41: -0.33660139 | O41: =HYPERLINK(".\sm_car_250206_1736\sm_car_250206_1736_040_Ca117TrN_MaLSS_ode23t.png","figure") -> figure | P41: Pass
A42: 41 | B42: 118 | C42: HambaLG | D42: 15DOF | E42: MFEval | F42: lintra | G42: fCVpCVr1D | H42: None | I42: WOT Braking | J42: ode23t | K42: 941 | L42: 5.2657965 | M42: 241.3683 | N42: 0.23049915 | O42: =HYPERLINK(".\sm_car_250206_1736\sm_car_250206_1736_041_Ca118TrN_MaWOT_ode23t.png","figure") -> figure | P42: Pass
A43: 42 | B43: 118 | C43: HambaLG | D43: 15DOF | E43: MFEval | F43: lintra | G43: fCVpCVr1D | H43: None | I43: Low Speed Steer | J43: ode23t | K43: 1055 | L43: 5.9461523 | M43: 74.351196 | N43: -0.3338755 | O43: =HYPERLINK(".\sm_car_250206_1736\sm_car_250206_1736_042_Ca118TrN_MaLSS_ode23t.png","figure") -> figure | P43: Pass
A44: 43 | B44: 119 | C44: HambaLG | D44: 15DOF | E44: MFEval | F44: lintra | G44: fCVpCVflexr1D | H44: None | I44: WOT Braking | J44: ode23t | K44: 964 | L44: 5.324518 | M44: 241.11273 | N44: 0.22980107 | O44: =HYPERLINK(".\sm_car_250206_1736\sm_car_250206_1736_043_Ca119TrN_MaWOT_ode23t.png","figure") -> figure | P44: Pass
A45: 44 | B45: 119 | C45: HambaLG | D45: 15DOF | E45: MFEval | F45: lintra | G45: fCVpCVflexr1D | H45: None | I45: Low Speed Steer | J45: ode23t | K45: 1081 | L45: 6.0213158 | M45: 74.200881 | N45: -0.33242008 | O45: =HYPERLINK(".\sm_car_250206_1736\sm_car_250206_1736_044_Ca119TrN_MaLSS_ode23t.png","figure") -> figure | P45: Pass
A46: 45 | B46: 128 | C46: HambaLG | D46: dwb | E46: MFMbody | F46: steady | G46: oneShaft | H46: None | I46: WOT Braking | J46: ode23t | K46: 321 | L46: 5.5113245 | M46: 100.60172 | N46: -0.015666625 | O46: =HYPERLINK(".\sm_car_250206_1736\sm_car_250206_1736_045_Ca128TrN_MaWOT_ode23t.png","figure") -> figure | P46: Pass
A47: 46 | B47: 128 | C47: HambaLG | D47: dwb | E47: MFMbody | F47: steady | G47: oneShaft | H47: None | I47: Low Speed Steer | J47: ode23t | K47: 438 | L47: 6.9525044 | M47: 37.245349 | N47: -0.13379366 | O47: =HYPERLINK(".\sm_car_250206_1736\sm_car_250206_1736_046_Ca128TrN_MaLSS_ode23t.png","figure") -> figure | P47: Pass
A48: 47 | B48: 129 | C48: HambaLG | D48: dwb | E48: MFMbody | F48: steady | G48: fCVrCV | H48: None | I48: WOT Braking | J48: ode23t | K48: 343 | L48: 6.7620718 | M48: 232.73294 | N48: 0.075347641 | O48: =HYPERLINK(".\sm_car_250206_1736\sm_car_250206_1736_047_Ca129TrN_MaWOT_ode23t.png","figure") -> figure | P48: Pass
A49: 48 | B49: 129 | C49: HambaLG | D49: dwb | E49: MFMbody | F49: steady | G49: fCVrCV | H49: None | I49: Low Speed Steer | J49: ode23t | K49: 488 | L49: 8.1863782 | M49: 71.613187 | N49: -0.54131635 | O49: =HYPERLINK(".\sm_car_250206_1736\sm_car_250206_1736_048_Ca129TrN_MaLSS_ode23t.png","figure") -> figure | P49: Pass
A50: 49 | B50: 130 | C50: HambaLG | D50: dwb | E50: MFEval | F50: steady | G50: 1D3DABS | H50: None | I50: WOT Braking | J50: ode23t | K50: 798 | L50: 23.988428 | M50: 219.86727 | N50: -1.4705588 | O50: =HYPERLINK(".\sm_car_250206_1736\sm_car_250206_1736_049_Ca130TrN_MaWOT_ode23t.png","figure") -> figure | P50: Pass
A51: 50 | B51: 130 | C51: HambaLG | D51: dwb | E51: MFEval | F51: steady | G51: 1D3DABS | H51: None | I51: Low Speed Steer | J51: ode23t | K51: 792 | L51: 21.833519 | M51: 69.506977 | N51: -0.5523815 | O51: =HYPERLINK(".\sm_car_250206_1736\sm_car_250206_1736_050_Ca130TrN_MaLSS_ode23t.png","figure") -> figure | P51: Pass
A52: 51 | B52: 131 | C52: HambaLG | D52: dwb | E52: MFMbody | F52: steady | G52: sprFnl | H52: None | I52: WOT Braking | J52: ode23t | K52: 347 | L52: 4.6849524 | M52: 232.88866 | N52: -0.033358758 | O52: =HYPERLINK(".\sm_car_250206_1736\sm_car_250206_1736_051_Ca131TrN_MaWOT_ode23t.png","figure") -> figure | P52: Pass
A53: 52 | B53: 131 | C53: HambaLG | D53: dwb | E53: MFMbody | F53: steady | G53: sprFnl | H53: None | I53: Low Speed Steer | J53: ode23t | K53: 487 | L53: 5.7755435 | M53: 71.701162 | N53: -0.55302264 | O53: =HYPERLINK(".\sm_car_250206_1736\sm_car_250206_1736_052_Ca131TrN_MaLSS_ode23t.png","figure") -> figure | P53: Pass
A54: 53 | B54: 132 | C54: HambaLG | D54: dwb | E54: MFMbody | F54: steady | G54: sprconRnl | H54: None | I54: WOT Braking | J54: ode23t | K54: 342 | L54: 4.659661 | M54: 232.76654 | N54: 0.0010474924 | O54: =HYPERLINK(".\sm_car_250206_1736\sm_car_250206_1736_053_Ca132TrN_MaWOT_ode23t.png","figure") -> figure | P54: Pass
A55: 54 | B55: 132 | C55: HambaLG | D55: dwb | E55: MFMbody | F55: steady | G55: sprconRnl | H55: None | I55: Low Speed Steer | J55: ode23t | K55: 473 | L55: 5.450188 | M55: 71.717363 | N55: -0.5473222 | O55: =HYPERLINK(".\sm_car_250206_1736\sm_car_250206_1736_054_Ca132TrN_MaLSS_ode23t.png","figure") -> figure | P55: Pass
A56: 55 | B56: 133 | C56: HambaLG | D56: dwb | E56: MFMbody | F56: steady | G56: sprLin | H56: None | I56: WOT Braking | J56: ode23t | K56: 346 | L56: 4.3172278 | M56: 232.81747 | N56: 0.00022385808 | O56: =HYPERLINK(".\sm_car_250206_1736\sm_car_250206_1736_055_Ca133TrN_MaWOT_ode23t.png","figure") -> figure | P56: Pass
A57: 56 | B57: 133 | C57: HambaLG | D57: dwb | E57: MFMbody | F57: steady | G57: sprLin | H57: None | I57: Low Speed Steer | J57: ode23t | K57: 489 | L57: 5.5452058 | M57: 71.712446 | N57: -0.54440045 | O57: =HYPERLINK(".\sm_car_250206_1736\sm_car_250206_1736_056_Ca133TrN_MaLSS_ode23t.png","figure") -> figure | P57: Pass
A58: 57 | B58: 134 | C58: HambaLG | D58: dwb | E58: MFMbody | F58: steady | G58: daminRnl | H58: None | I58: WOT Braking | J58: ode23t | K58: 352 | L58: 4.5165318 | M58: 232.83166 | N58: 0.0014680195 | O58: =HYPERLINK(".\sm_car_250206_1736\sm_car_250206_1736_057_Ca134TrN_MaWOT_ode23t.png","figure") -> figure | P58: Pass
A59: 58 | B59: 134 | C59: HambaLG | D59: dwb | E59: MFMbody | F59: steady | G59: daminRnl | H59: None | I59: Low Speed Steer | J59: ode23t | K59: 490 | L59: 5.5563225 | M59: 71.714688 | N59: -0.54464579 | O59: =HYPERLINK(".\sm_car_250206_1736\sm_car_250206_1736_058_Ca134TrN_MaLSS_ode23t.png","figure") -> figure | P59: Pass
A60: 59 | B60: 135 | C60: HambaLG | D60: dwb | E60: MFMbody | F60: steady | G60: damconFnl | H60: None | I60: WOT Braking | J60: ode23t | K60: 358 | L60: 5.0109967 | M60: 232.76811 | N60: 0.0012437345 | O60: =HYPERLINK(".\sm_car_250206_1736\sm_car_250206_1736_059_Ca135TrN_MaWOT_ode23t.png","figure") -> figure | P60: Pass
A61: 60 | B61: 135 | C61: HambaLG | D61: dwb | E61: MFMbody | F61: steady | G61: damconFnl | H61: None | I61: Low Speed Steer | J61: ode23t | K61: 497 | L61: 5.2960039 | M61: 71.705947 | N61: -0.53909709 | O61: =HYPERLINK(".\sm_car_250206_1736\sm_car_250206_1736_060_Ca135TrN_MaLSS_ode23t.png","figure") -> figure | P61: Pass
A62: 61 | B62: 136 | C62: HambaLG | D62: dwb | E62: MFMbody | F62: steady | G62: CVCVp1D | H62: None | I62: WOT Braking | J62: ode23t | K62: 376 | L62: 5.4932807 | M62: 232.85099 | N62: 0.06616135 | O62: =HYPERLINK(".\sm_car_250206_1736\sm_car_250206_1736_061_Ca136TrN_MaWOT_ode23t.png","figure") -> figure | P62: Pass
A63: 62 | B63: 136 | C63: HambaLG | D63: dwb | E63: MFMbody | F63: steady | G63: CVCVp1D | H63: None | I63: Low Speed Steer | J63: ode23t | K63: 502 | L63: 6.6078864 | M63: 71.70226 | N63: -0.54191937 | O63: =HYPERLINK(".\sm_car_250206_1736\sm_car_250206_1736_062_Ca136TrN_MaLSS_ode23t.png","figure") -> figure | P63: Pass
A64: 63 | B64: 137 | C64: HambaLG | D64: dwb | E64: MFMbody | F64: steady | G64: f1Dr1D | H64: None | I64: WOT Braking | J64: ode23t | K64: 329 | L64: 4.0906993 | M64: 233.78253 | N64: 0.14919136 | O64: =HYPERLINK(".\sm_car_250206_1736\sm_car_250206_1736_063_Ca137TrN_MaWOT_ode23t.png","figure") -> figure | P64: Pass
A65: 64 | B65: 137 | C65: HambaLG | D65: dwb | E65: MFMbody | F65: steady | G65: f1Dr1D | H65: None | I65: Low Speed Steer | J65: ode23t | K65: 479 | L65: 4.6998509 | M65: 71.983657 | N65: -0.52612193 | O65: =HYPERLINK(".\sm_car_250206_1736\sm_car_250206_1736_064_Ca137TrN_MaLSS_ode23t.png","figure") -> figure | P65: Pass
A66: 65 | B66: 138 | C66: HambaLG | D66: dwb | E66: MFMbody | F66: steady | G66: f1Dr1D | H66: None | I66: WOT Braking | J66: ode23t | K66: 328 | L66: 5.8675137 | M66: 233.6739 | N66: 0.15092555 | O66: =HYPERLINK(".\sm_car_250206_1736\sm_car_250206_1736_065_Ca138TrN_MaWOT_ode23t.png","figure") -> figure | P66: Pass
A67: 66 | B67: 138 | C67: HambaLG | D67: dwb | E67: MFMbody | F67: steady | G67: f1Dr1D | H67: None | I67: Low Speed Steer | J67: ode23t | K67: 498 | L67: 6.6072878 | M67: 71.872565 | N67: -0.84526636 | O67: =HYPERLINK(".\sm_car_250206_1736\sm_car_250206_1736_066_Ca138TrN_MaLSS_ode23t.png","figure") -> figure | P67: Pass
A68: 67 | B68: 139 | C68: Hamba | D68: dwb | E68: MFEval | F68: steady | G68: fCVpCVr1D | H68: None | I68: WOT Braking | J68: ode23t | K68: 662 | L68: 25.312652 | M68: 411.15193 | N68: 1.5358057 | O68: =HYPERLINK(".\sm_car_250206_1736\sm_car_250206_1736_067_Ca139TrN_MaWOT_ode23t.png","figure") -> figure | P68: Pass
A69: 68 | B69: 139 | C69: Hamba | D69: dwb | E69: MFEval | F69: steady | G69: fCVpCVr1D | H69: None | I69: Low Speed Steer | J69: ode23t | K69: 610 | L69: 14.571884 | M69: 156.99653 | N69: -0.55906959 | O69: =HYPERLINK(".\sm_car_250206_1736\sm_car_250206_1736_068_Ca139TrN_MaLSS_ode23t.png","figure") -> figure | P69: Pass
A70: 69 | B70: 141 | C70: Hamba | D70: dwb | E70: MFEval | F70: lintra | G70: fCVpCVr1D | H70: None | I70: WOT Braking | J70: ode23t | K70: 1945 | L70: 36.274643 | M70: 411.26472 | N70: 1.5595104 | O70: =HYPERLINK(".\sm_car_250206_1736\sm_car_250206_1736_069_Ca141TrN_MaWOT_ode23t.png","figure") -> figure | P70: Pass
A71: 70 | B71: 141 | C71: Hamba | D71: dwb | E71: MFEval | F71: lintra | G71: fCVpCVr1D | H71: None | I71: Low Speed Steer | J71: ode23t | K71: 1803 | L71: 23.264882 | M71: 157.08224 | N71: -0.56382074 | O71: =HYPERLINK(".\sm_car_250206_1736\sm_car_250206_1736_070_Ca141TrN_MaLSS_ode23t.png","figure") -> figure | P71: Pass
A72: 71 | B72: 143 | C72: Makhulu | D72: dwb | E72: MFEval2x | F72: steady | G72: fCVpCVr1D | H72: None | I72: WOT Braking | J72: ode23t | K72: 363 | L72: 22.092389 | M72: 96.636882 | N72: -0.039902025 | O72: =HYPERLINK(".\sm_car_250206_1736\sm_car_250206_1736_071_Ca143TrN_MaWOT_ode23t.png","figure") -> figure | P72: Pass
A73: 72 | B73: 143 | C73: Makhulu | D73: dwb | E73: MFEval2x | F73: steady | G73: fCVpCVr1D | H73: None | I73: Low Speed Steer | J73: ode23t | K73: 475 | L73: 24.694139 | M73: 25.157058 | N73: -0.054695336 | O73: =HYPERLINK(".\sm_car_250206_1736\sm_car_250206_1736_072_Ca143TrN_MaLSS_ode23t.png","figure") -> figure | P73: Pass
A74: 73 | B74: 144 | C74: Makhulu | D74: dwb | E74: MFEval | F74: steady | G74: fCVpCVr1D | H74: None | I74: WOT Braking | J74: ode23t | K74: 362 | L74: 15.938512 | M74: 115.00221 | N74: 0.53199141 | O74: =HYPERLINK(".\sm_car_250206_1736\sm_car_250206_1736_073_Ca144TrN_MaWOT_ode23t.png","figure") -> figure | P74: Pass
A75: 74 | B75: 144 | C75: Makhulu | D75: dwb | E75: MFEval | F75: steady | G75: fCVpCVr1D | H75: None | I75: Low Speed Steer | J75: ode23t | K75: 485 | L75: 17.313238 | M75: 35.84676 | N75: -0.035136525 | O75: =HYPERLINK(".\sm_car_250206_1736\sm_car_250206_1736_074_Ca144TrN_MaLSS_ode23t.png","figure") -> figure | P75: Pass
A76: 75 | B76: 147 | C76: Hamba | D76: dwb | E76: CFL | F76: steady | G76: fCVpCVr1D | H76: None | I76: WOT Braking | J76: ode23t | K76: 2641 | L76: 28.193275 | M76: 401.35544 | N76: -62.324078 | O76: =HYPERLINK(".\sm_car_250206_1736\sm_car_250206_1736_075_Ca147TrN_MaWOT_ode23t.png","figure") -> figure | P76: Pass
A77: 76 | B77: 147 | C77: Hamba | D77: dwb | E77: CFL | F77: steady | G77: fCVpCVr1D | H77: None | I77: Low Speed Steer | J77: ode23t | K77: 1322 | L77: 17.161587 | M77: 155.22519 | N77: -2.684795 | O77: =HYPERLINK(".\sm_car_250206_1736\sm_car_250206_1736_076_Ca147TrN_MaLSS_ode23t.png","figure") -> figure | P77: Pass
A78: 77 | B78: 183 | C78: Achilles | D78: dwpull | E78: MFEval | F78: steady | G78: f1Dr1D | H78: None | I78: WOT Braking | J78: ode23t | K78: 1114 | L78: 30.565071 | M78: 184.76037 | N78: -0.1035368 | O78: =HYPERLINK(".\sm_car_250206_1736\sm_car_250206_1736_077_Ca183TrN_MaWOT_ode23t.png","figure") -> figure | P78: Pass
A79: 78 | B79: 183 | C79: Achilles | D79: dwpull | E79: MFEval | F79: steady | G79: f1Dr1D | H79: None | I79: Low Speed Steer | J79: ode23t | K79: 1368 | L79: 35.008522 | M79: 57.828129 | N79: 0.06278778 | O79: =HYPERLINK(".\sm_car_250206_1736\sm_car_250206_1736_078_Ca183TrN_MaLSS_ode23t.png","figure") -> figure | P79: Pass
A80: 79 | B80: 8 | C80: HambaLG | D80: dwb | E80: MFSwift | F80: steady | G80: f1Dr1D | H80: None | I80: WOT Braking | J80: ode23t | K80: 375 | L80: 9.8453299 | M80: 233.86977 | N80: 0.0089658051 | O80: =HYPERLINK(".\sm_car_250206_1736\sm_car_250206_1736_079_Ca008TrN_MaWOT_ode23t_1.png","figure") -> figure | P80: Pass
A81: 80 | B81: 8 | C81: HambaLG | D81: dwb | E81: MFSwift | F81: steady | G81: f1Dr1D | H81: None | I81: Low Speed Steer | J81: ode23t | K81: 547 | L81: 12.532468 | M81: 71.998179 | N81: -0.5518935 | O81: =HYPERLINK(".\sm_car_250206_1736\sm_car_250206_1736_080_Ca008TrN_MaLSS_ode23t_1.png","figure") -> figure | P81: Pass
A82: 81 | B82: 9 | C82: HambaLG | D82: dwb | E82: MFSwift | F82: steady | G82: f1D3Dr1D | H82: None | I82: WOT Braking | J82: ode23t | K82: 392 | L82: 11.820874 | M82: 232.84053 | N82: 0.0011434308 | O82: =HYPERLINK(".\sm_car_250206_1736\sm_car_250206_1736_081_Ca009TrN_MaWOT_ode23t_1.png","figure") -> figure | P82: Pass
A83: 82 | B83: 9 | C83: HambaLG | D83: dwb | E83: MFSwift | F83: steady | G83: f1D3Dr1D | H83: None | I83: Low Speed Steer | J83: ode23t | K83: 562 | L83: 14.777974 | M83: 71.705506 | N83: -0.54164715 | O83: =HYPERLINK(".\sm_car_250206_1736\sm_car_250206_1736_082_Ca009TrN_MaLSS_ode23t_1.png","figure") -> figure | P83: Pass
A84: 83 | B84: 10 | C84: HambaLG | D84: dwb | E84: MFSwift | F84: steady | G84: fCVpCVr1D | H84: None | I84: WOT Braking | J84: ode23t | K84: 392 | L84: 12.769846 | M84: 232.54827 | N84: 0.067378893 | O84: =HYPERLINK(".\sm_car_250206_1736\sm_car_250206_1736_083_Ca010TrN_MaWOT_ode23t_1.png","figure") -> figure | P84: Pass
A85: 84 | B85: 10 | C85: HambaLG | D85: dwb | E85: MFSwift | F85: steady | G85: fCVpCVr1D | H85: None | I85: Low Speed Steer | J85: ode23t | K85: 546 | L85: 16.125028 | M85: 71.701962 | N85: -0.54297903 | O85: =HYPERLINK(".\sm_car_250206_1736\sm_car_250206_1736_084_Ca010TrN_MaLSS_ode23t_1.png","figure") -> figure | P85: Pass
A86: 85 | B86: 11 | C86: HambaLG | D86: dwb | E86: MFSwift | F86: steady | G86: fCVpCVflexr1D | H86: None | I86: WOT Braking | J86: ode23t | K86: 423 | L86: 14.894549 | M86: 232.1554 | N86: 0.067327451 | O86: =HYPERLINK(".\sm_car_250206_1736\sm_car_250206_1736_085_Ca011TrN_MaWOT_ode23t_1.png","figure") -> figure | P86: Pass
A87: 86 | B87: 11 | C87: HambaLG | D87: dwb | E87: MFSwift | F87: steady | G87: fCVpCVflexr1D | H87: None | I87: Low Speed Steer | J87: ode23t | K87: 560 | L87: 17.488536 | M87: 71.572461 | N87: -0.53613017 | O87: =HYPERLINK(".\sm_car_250206_1736\sm_car_250206_1736_086_Ca011TrN_MaLSS_ode23t_1.png","figure") -> figure | P87: Pass
A88: 87 | B88: 12 | C88: HambaLG | D88: dwb | E88: MFSwift | F88: lintra | G88: f1Dr1D | H88: None | I88: WOT Braking | J88: ode23t | K88: 833 | L88: 11.191827 | M88: 233.73966 | N88: 0.0095372185 | O88: =HYPERLINK(".\sm_car_250206_1736\sm_car_250206_1736_087_Ca012TrN_MaWOT_ode23t_1.png","figure") -> figure | P88: Pass
A89: 88 | B89: 12 | C89: HambaLG | D89: dwb | E89: MFSwift | F89: lintra | G89: f1Dr1D | H89: None | I89: Low Speed Steer | J89: ode23t | K89: 989 | L89: 13.430505 | M89: 71.986001 | N89: -0.55627547 | O89: =HYPERLINK(".\sm_car_250206_1736\sm_car_250206_1736_088_Ca012TrN_MaLSS_ode23t_1.png","figure") -> figure | P89: Pass
A90: 89 | B90: 13 | C90: HambaLG | D90: dwb | E90: MFSwift | F90: lintra | G90: f1D3Dr1D | H90: None | I90: WOT Braking | J90: ode23t | K90: 848 | L90: 12.757754 | M90: 232.78018 | N90: 0.0009652355 | O90: =HYPERLINK(".\sm_car_250206_1736\sm_car_250206_1736_089_Ca013TrN_MaWOT_ode23t_1.png","figure") -> figure | P90: Pass
A91: 90 | B91: 13 | C91: HambaLG | D91: dwb | E91: MFSwift | F91: lintra | G91: f1D3Dr1D | H91: None | I91: Low Speed Steer | J91: ode23t | K91: 1009 | L91: 16.693169 | M91: 71.698601 | N91: -0.54999606 | O91: =HYPERLINK(".\sm_car_250206_1736\sm_car_250206_1736_090_Ca013TrN_MaLSS_ode23t_1.png","figure") -> figure | P91: Pass
A92: 91 | B92: 14 | C92: HambaLG | D92: dwb | E92: MFSwift | F92: lintra | G92: fCVpCVr1D | H92: None | I92: WOT Braking | J92: ode23t | K92: 899 | L92: 13.748542 | M92: 232.71292 | N92: 0.065944698 | O92: =HYPERLINK(".\sm_car_250206_1736\sm_car_250206_1736_091_Ca014TrN_MaWOT_ode23t_1.png","figure") -> figure | P92: Pass
A93: 92 | B93: 14 | C93: HambaLG | D93: dwb | E93: MFSwift | F93: lintra | G93: fCVpCVr1D | H93: None | I93: Low Speed Steer | J93: ode23t | K93: 1011 | L93: 15.5384 | M93: 71.693112 | N93: -0.54587263 | O93: =HYPERLINK(".\sm_car_250206_1736\sm_car_250206_1736_092_Ca014TrN_MaLSS_ode23t_1.png","figure") -> figure | P93: Pass
A94: 93 | B94: 15 | C94: HambaLG | D94: dwb | E94: MFSwift | F94: lintra | G94: fCVpCVflexr1D | H94: None | I94: WOT Braking | J94: ode23t | K94: 881 | L94: 13.791535 | M94: 232.19283 | N94: 0.064214517 | O94: =HYPERLINK(".\sm_car_250206_1736\sm_car_250206_1736_093_Ca015TrN_MaWOT_ode23t_1.png","figure") -> figure | P94: Pass
A95: 94 | B95: 15 | C95: HambaLG | D95: dwb | E95: MFSwift | F95: lintra | G95: fCVpCVflexr1D | H95: None | I95: Low Speed Steer | J95: ode23t | K95: 1056 | L95: 17.331023 | M95: 71.567276 | N95: -0.54067175 | O95: =HYPERLINK(".\sm_car_250206_1736\sm_car_250206_1736_094_Ca015TrN_MaLSS_ode23t_1.png","figure") -> figure | P95: Pass
A96: 95 | B96: 120 | C96: HambaLG | D96: 15DOF | E96: MFSwift | F96: steady | G96: f1Dr1D | H96: None | I96: WOT Braking | J96: ode23t | K96: 397 | L96: 3.4027237 | M96: 242.58916 | N96: 0.23206015 | O96: =HYPERLINK(".\sm_car_250206_1736\sm_car_250206_1736_095_Ca120TrN_MaWOT_ode23t_1.png","figure") -> figure | P96: Pass
A97: 96 | B97: 120 | C97: HambaLG | D97: 15DOF | E97: MFSwift | F97: steady | G97: f1Dr1D | H97: None | I97: Low Speed Steer | J97: ode23t | K97: 529 | L97: 3.7847305 | M97: 74.667523 | N97: -0.33829687 | O97: =HYPERLINK(".\sm_car_250206_1736\sm_car_250206_1736_096_Ca120TrN_MaLSS_ode23t_1.png","figure") -> figure | P97: Pass
A98: 97 | B98: 121 | C98: HambaLG | D98: 15DOF | E98: MFSwift | F98: steady | G98: f1D3Dr1D | H98: None | I98: WOT Braking | J98: ode23t | K98: 387 | L98: 3.7792611 | M98: 241.53723 | N98: 0.2286602 | O98: =HYPERLINK(".\sm_car_250206_1736\sm_car_250206_1736_097_Ca121TrN_MaWOT_ode23t_1.png","figure") -> figure | P98: Pass
A99: 98 | B99: 121 | C99: HambaLG | D99: 15DOF | E99: MFSwift | F99: steady | G99: f1D3Dr1D | H99: None | I99: Low Speed Steer | J99: ode23t | K99: 532 | L99: 4.3842934 | M99: 74.35577 | N99: -0.33469939 | O99: =HYPERLINK(".\sm_car_250206_1736\sm_car_250206_1736_098_Ca121TrN_MaLSS_ode23t_1.png","figure") -> figure | P99: Pass
A100: 99 | B100: 122 | C100: HambaLG | D100: 15DOF | E100: MFSwift | F100: steady | G100: fCVpCVr1D | H100: None | I100: WOT Braking | J100: ode23t | K100: 405 | L100: 4.2743675 | M100: 241.76377 | N100: 0.22876874 | O100: =HYPERLINK(".\sm_car_250206_1736\sm_car_250206_1736_099_Ca122TrN_MaWOT_ode23t_1.png","figure") -> figure | P100: Pass
...

Sheet 2022a_250407_2318
A1: Run | B1: Preset | C1: Body | D1: SuspF | E1: Tire | F1: TirDyn | G1: Drv | H1: Trail | I1: Mane | J1: Solv | K1: # Steps | L1: Time | M1: xFinal | N1: yFinal | O1: Figure | P1: Pass | R1: 08-Apr-2025 01:47:05
A2: 1 | B2: 0 | C2: HambaLG | D2: dwb | E2: MFEval | F2: steady | G2: f1Dr1D | H2: None | I2: WOT Braking | J2: ode23t | K2: 419 | L2: 6.5229168 | M2: 231.16978 | N2: -0.0042167209 | O2: =HYPERLINK(".\sm_car_250407_2318\sm_car_250407_2318_001_Ca000TrN_MaWOT_ode23t.png","figure") -> figure | P2: Pass | R2: MATHWORKS-OL1OH | T2: =K2-'2022a_250206_1736'!K2 -> 14 | U2: =T2/'2022a_250206_1736'!K2 -> 0.034567901 | V2: =L2-'2022a_250206_1736'!L2 -> -0.65113 | W2: =V2/'2022a_250206_1736'!L2 -> -0.090761884
A3: 2 | B3: 0 | C3: HambaLG | D3: dwb | E3: MFEval | F3: steady | G3: f1Dr1D | H3: None | I3: Low Speed Steer | J3: ode23t | K3: 535 | L3: 7.5437127 | M3: 71.237682 | N3: -0.53746461 | O3: =HYPERLINK(".\sm_car_250407_2318\sm_car_250407_2318_002_Ca000TrN_MaLSS_ode23t.png","figure") -> figure | P3: Pass | R3: 9.12.0.2529717 (R2022a) Update 8 | T3: =K3-'2022a_250206_1736'!K3 -> 5 | U3: =T3/'2022a_250206_1736'!K3 -> 0.0094339623 | V3: =L3-'2022a_250206_1736'!L3 -> 0.0232704 | W3: =V3/'2022a_250206_1736'!L3 -> 0.0030942861
A4: 3 | B4: 1 | C4: HambaLG | D4: dwb | E4: MFEval | F4: steady | G4: f1D3Dr1D | H4: None | I4: WOT Braking | J4: ode23t | K4: 422 | L4: 7.2873893 | M4: 230.37135 | N4: -0.010327302 | O4: =HYPERLINK(".\sm_car_250407_2318\sm_car_250407_2318_003_Ca001TrN_MaWOT_ode23t.png","figure") -> figure | P4: Pass | R4: MF-Swift Version: 2306 | T4: =K4-'2022a_250206_1736'!K4 -> 14 | U4: =T4/'2022a_250206_1736'!K4 -> 0.034313725 | V4: =L4-'2022a_250206_1736'!L4 -> -0.5877412 | W4: =V4/'2022a_250206_1736'!L4 -> -0.074632566
A5: 4 | B5: 1 | C5: HambaLG | D5: dwb | E5: MFEval | F5: steady | G5: f1D3Dr1D | H5: None | I5: Low Speed Steer | J5: ode23t | K5: 519 | L5: 7.9593995 | M5: 70.957359 | N5: -0.53535025 | O5: =HYPERLINK(".\sm_car_250407_2318\sm_car_250407_2318_004_Ca001TrN_MaLSS_ode23t.png","figure") -> figure | P5: Pass | R5: R22asrc v4p0 knc bushings pushrod | T5: =K5-'2022a_250206_1736'!K5 -> -3 | U5: =T5/'2022a_250206_1736'!K5 -> -0.0057471264 | V5: =L5-'2022a_250206_1736'!L5 -> -0.1090347 | W5: =V5/'2022a_250206_1736'!L5 -> -0.013513737
A6: 5 | B6: 2 | C6: HambaLG | D6: dwb | E6: MFEval | F6: steady | G6: fCVpCVr1D | H6: None | I6: WOT Braking | J6: ode23t | K6: 438 | L6: 11.166279 | M6: 230.38665 | N6: 0.052552456 | O6: =HYPERLINK(".\sm_car_250407_2318\sm_car_250407_2318_005_Ca002TrN_MaWOT_ode23t.png","figure") -> figure | P6: Pass | T6: =K6-'2022a_250206_1736'!K6 -> 10 | U6: =T6/'2022a_250206_1736'!K6 -> 0.023364486 | V6: =L6-'2022a_250206_1736'!L6 -> -0.3996013 | W6: =V6/'2022a_250206_1736'!L6 -> -0.03455001
A7: 6 | B7: 2 | C7: HambaLG | D7: dwb | E7: MFEval | F7: steady | G7: fCVpCVr1D | H7: None | I7: Low Speed Steer | J7: ode23t | K7: 531 | L7: 11.782131 | M7: 70.954822 | N7: -0.5320192 | O7: =HYPERLINK(".\sm_car_250407_2318\sm_car_250407_2318_006_Ca002TrN_MaLSS_ode23t.png","figure") -> figure | P7: Pass | T7: =K7-'2022a_250206_1736'!K7 -> 3 | U7: =T7/'2022a_250206_1736'!K7 -> 0.0056818182 | V7: =L7-'2022a_250206_1736'!L7 -> 0.5460977 | W7: =V7/'2022a_250206_1736'!L7 -> 0.048602355
A8: 7 | B8: 3 | C8: HambaLG | D8: dwb | E8: MFEval | F8: steady | G8: fCVpCVflexr1D | H8: None | I8: WOT Braking | J8: ode23t | K8: 462 | L8: 10.993606 | M8: 229.97511 | N8: 0.051365342 | O8: =HYPERLINK(".\sm_car_250407_2318\sm_car_250407_2318_007_Ca003TrN_MaWOT_ode23t.png","figure") -> figure | P8: Pass | T8: =K8-'2022a_250206_1736'!K8 -> -27 | U8: =T8/'2022a_250206_1736'!K8 -> -0.055214724 | V8: =L8-'2022a_250206_1736'!L8 -> -2.1703553 | W8: =V8/'2022a_250206_1736'!L8 -> -0.16487099
A9: 8 | B9: 3 | C9: HambaLG | D9: dwb | E9: MFEval | F9: steady | G9: fCVpCVflexr1D | H9: None | I9: Low Speed Steer | J9: ode23t | K9: 583 | L9: 12.161258 | M9: 70.83711 | N9: -0.52818838 | O9: =HYPERLINK(".\sm_car_250407_2318\sm_car_250407_2318_008_Ca003TrN_MaLSS_ode23t.png","figure") -> figure | P9: Pass | T9: =K9-'2022a_250206_1736'!K9 -> 35 | U9: =T9/'2022a_250206_1736'!K9 -> 0.063868613 | V9: =L9-'2022a_250206_1736'!L9 -> 1.3574582 | W9: =V9/'2022a_250206_1736'!L9 -> 0.12564637
A10: 9 | B10: 4 | C10: HambaLG | D10: dwb | E10: MFEval | F10: lintra | G10: f1Dr1D | H10: None | I10: WOT Braking | J10: ode23t | K10: 1083 | L10: 10.782206 | M10: 231.36499 | N10: -0.0056787031 | O10: =HYPERLINK(".\sm_car_250407_2318\sm_car_250407_2318_009_Ca004TrN_MaWOT_ode23t.png","figure") -> figure | P10: Pass | T10: =K10-'2022a_250206_1736'!K10 -> -32 | U10: =T10/'2022a_250206_1736'!K10 -> -0.028699552 | V10: =L10-'2022a_250206_1736'!L10 -> -2.081509 | W10: =V10/'2022a_250206_1736'!L10 -> -0.16181243
A11: 10 | B11: 4 | C11: HambaLG | D11: dwb | E11: MFEval | F11: lintra | G11: f1Dr1D | H11: None | I11: Low Speed Steer | J11: ode23t | K11: 1204 | L11: 12.687814 | M11: 71.25104 | N11: -0.5401557 | O11: =HYPERLINK(".\sm_car_250407_2318\sm_car_250407_2318_010_Ca004TrN_MaLSS_ode23t.png","figure") -> figure | P11: Pass | T11: =K11-'2022a_250206_1736'!K11 -> -31 | U11: =T11/'2022a_250206_1736'!K11 -> -0.025101215 | V11: =L11-'2022a_250206_1736'!L11 -> -0.5584697 | W11: =V11/'2022a_250206_1736'!L11 -> -0.042160481
A12: 11 | B12: 5 | C12: HambaLG | D12: dwb | E12: MFEval | F12: lintra | G12: f1D3Dr1D | H12: None | I12: WOT Braking | J12: ode23t | K12: 1114 | L12: 12.376304 | M12: 230.37145 | N12: -0.01174034 | O12: =HYPERLINK(".\sm_car_250407_2318\sm_car_250407_2318_011_Ca005TrN_MaWOT_ode23t.png","figure") -> figure | P12: Pass | T12: =K12-'2022a_250206_1736'!K12 -> -10 | U12: =T12/'2022a_250206_1736'!K12 -> -0.0088967972 | V12: =L12-'2022a_250206_1736'!L12 -> -1.6531435 | W12: =V12/'2022a_250206_1736'!L12 -> -0.11783383
A13: 12 | B13: 5 | C13: HambaLG | D13: dwb | E13: MFEval | F13: lintra | G13: f1D3Dr1D | H13: None | I13: Low Speed Steer | J13: ode23t | K13: 1231 | L13: 13.822515 | M13: 70.973896 | N13: -0.53888735 | O13: =HYPERLINK(".\sm_car_250407_2318\sm_car_250407_2318_012_Ca005TrN_MaLSS_ode23t.png","figure") -> figure | P13: Pass | T13: =K13-'2022a_250206_1736'!K13 -> 3 | U13: =T13/'2022a_250206_1736'!K13 -> 0.0024429967 | V13: =L13-'2022a_250206_1736'!L13 -> -1.5076765 | W13: =V13/'2022a_250206_1736'!L13 -> -0.098346878
A14: 13 | B14: 6 | C14: HambaLG | D14: dwb | E14: MFEval | F14: lintra | G14: fCVpCVr1D | H14: None | I14: WOT Braking | J14: ode23t | K14: 1205 | L14: 14.859066 | M14: 230.41604 | N14: 0.051014451 | O14: =HYPERLINK(".\sm_car_250407_2318\sm_car_250407_2318_013_Ca006TrN_MaWOT_ode23t.png","figure") -> figure | P14: Pass | T14: =K14-'2022a_250206_1736'!K14 -> -60 | U14: =T14/'2022a_250206_1736'!K14 -> -0.04743083 | V14: =L14-'2022a_250206_1736'!L14 -> -3.2124847 | W14: =V14/'2022a_250206_1736'!L14 -> -0.17776475
A15: 14 | B15: 6 | C15: HambaLG | D15: dwb | E15: MFEval | F15: lintra | G15: fCVpCVr1D | H15: None | I15: Low Speed Steer | J15: ode23t | K15: 1302 | L15: 15.321896 | M15: 70.962447 | N15: -0.53379822 | O15: =HYPERLINK(".\sm_car_250407_2318\sm_car_250407_2318_014_Ca006TrN_MaLSS_ode23t.png","figure") -> figure | P15: Pass | T15: =K15-'2022a_250206_1736'!K15 -> 27 | U15: =T15/'2022a_250206_1736'!K15 -> 0.021176471 | V15: =L15-'2022a_250206_1736'!L15 -> -1.4424621 | W15: =V15/'2022a_250206_1736'!L15 -> -0.086043383
A16: 15 | B16: 7 | C16: HambaLG | D16: dwb | E16: MFEval | F16: lintra | G16: fCVpCVflexr1D | H16: None | I16: WOT Braking | J16: ode23t | K16: 1187 | L16: 17.170935 | M16: 229.92141 | N16: 0.055510013 | O16: =HYPERLINK(".\sm_car_250407_2318\sm_car_250407_2318_015_Ca007TrN_MaWOT_ode23t.png","figure") -> figure | P16: Pass | T16: =K16-'2022a_250206_1736'!K16 -> -39 | U16: =T16/'2022a_250206_1736'!K16 -> -0.031810767 | V16: =L16-'2022a_250206_1736'!L16 -> -0.854096 | W16: =V16/'2022a_250206_1736'!L16 -> -0.047383886
A17: 16 | B17: 7 | C17: HambaLG | D17: dwb | E17: MFEval | F17: lintra | G17: fCVpCVflexr1D | H17: None | I17: Low Speed Steer | J17: ode23t | K17: 1264 | L17: 15.799833 | M17: 70.840156 | N17: -0.52950776 | O17: =HYPERLINK(".\sm_car_250407_2318\sm_car_250407_2318_016_Ca007TrN_MaLSS_ode23t.png","figure") -> figure | P17: Pass | T17: =K17-'2022a_250206_1736'!K17 -> -9 | U17: =T17/'2022a_250206_1736'!K17 -> -0.0070699136 | V17: =L17-'2022a_250206_1736'!L17 -> -0.2650442 | W17: =V17/'2022a_250206_1736'!L17 -> -0.016498365
A18: 17 | B18: 16 | C18: HambaLG | D18: dwa | E18: MFEval | F18: steady | G18: f1Dr1D | H18: None | I18: WOT Braking | J18: ode23t | K18: 410 | L18: 5.6012029 | M18: 231.9547 | N18: -0.07180517 | O18: =HYPERLINK(".\sm_car_250407_2318\sm_car_250407_2318_017_Ca016TrN_MaWOT_ode23t.png","figure") -> figure | P18: Pass | T18: =K18-'2022a_250206_1736'!K18 -> 2 | U18: =T18/'2022a_250206_1736'!K18 -> 0.0049019608 | V18: =L18-'2022a_250206_1736'!L18 -> -0.4039039 | W18: =V18/'2022a_250206_1736'!L18 -> -0.067260069
A19: 18 | B19: 16 | C19: HambaLG | D19: dwa | E19: MFEval | F19: steady | G19: f1Dr1D | H19: None | I19: Low Speed Steer | J19: ode23t | K19: 487 | L19: 5.7221568 | M19: 71.519095 | N19: -0.021563941 | O19: =HYPERLINK(".\sm_car_250407_2318\sm_car_250407_2318_018_Ca016TrN_MaLSS_ode23t.png","figure") -> figure | P19: Pass | T19: =K19-'2022a_250206_1736'!K19 -> -1 | U19: =T19/'2022a_250206_1736'!K19 -> -0.0020491803 | V19: =L19-'2022a_250206_1736'!L19 -> -0.105314 | W19: =V19/'2022a_250206_1736'!L19 -> -0.018071991
A20: 19 | B20: 32 | C20: HambaLG | D20: S2LAF | E20: MFEval | F20: steady | G20: f1Dr1D | H20: None | I20: WOT Braking | J20: ode23t | K20: 396 | L20: 6.9070206 | M20: 231.36824 | N20: 0.008704882 | O20: =HYPERLINK(".\sm_car_250407_2318\sm_car_250407_2318_019_Ca032TrN_MaWOT_ode23t.png","figure") -> figure | P20: Pass | T20: =K20-'2022a_250206_1736'!K20 -> -9 | U20: =T20/'2022a_250206_1736'!K20 -> -0.022222222 | V20: =L20-'2022a_250206_1736'!L20 -> -1.3569452 | W20: =V20/'2022a_250206_1736'!L20 -> -0.16420024
A21: 20 | B21: 32 | C21: HambaLG | D21: S2LAF | E21: MFEval | F21: steady | G21: f1Dr1D | H21: None | I21: Low Speed Steer | J21: ode23t | K21: 519 | L21: 8.3026144 | M21: 71.259134 | N21: -0.52291335 | O21: =HYPERLINK(".\sm_car_250407_2318\sm_car_250407_2318_020_Ca032TrN_MaLSS_ode23t.png","figure") -> figure | P21: Pass | T21: =K21-'2022a_250206_1736'!K21 -> 0 | U21: =T21/'2022a_250206_1736'!K21 -> 0 | V21: =L21-'2022a_250206_1736'!L21 -> -0.0248618 | W21: =V21/'2022a_250206_1736'!L21 -> -0.0029855144
A22: 21 | B22: 48 | C22: HambaLG | D22: S2LAR | E22: MFEval | F22: steady | G22: f1Dr1D | H22: None | I22: WOT Braking | J22: ode23t | K22: 408 | L22: 7.3011224 | M22: 231.3545 | N22: -0.017846833 | O22: =HYPERLINK(".\sm_car_250407_2318\sm_car_250407_2318_021_Ca048TrN_MaWOT_ode23t.png","figure") -> figure | P22: Pass | T22: =K22-'2022a_250206_1736'!K22 -> 16 | U22: =T22/'2022a_250206_1736'!K22 -> 0.040816327 | V22: =L22-'2022a_250206_1736'!L22 -> -0.0165299 | W22: =V22/'2022a_250206_1736'!L22 -> -0.0022589075
A23: 22 | B23: 48 | C23: HambaLG | D23: S2LAR | E23: MFEval | F23: steady | G23: f1Dr1D | H23: None | I23: Low Speed Steer | J23: ode23t | K23: 523 | L23: 7.9933804 | M23: 71.243091 | N23: -0.52846715 | O23: =HYPERLINK(".\sm_car_250407_2318\sm_car_250407_2318_022_Ca048TrN_MaLSS_ode23t.png","figure") -> figure | P23: Pass | T23: =K23-'2022a_250206_1736'!K23 -> 3 | U23: =T23/'2022a_250206_1736'!K23 -> 0.0057692308 | V23: =L23-'2022a_250206_1736'!L23 -> -1.2145507 | W23: =V23/'2022a_250206_1736'!L23 -> -0.13190267
A24: 23 | B24: 64 | C24: HambaLG | D24: 5S2LAF | E24: MFEval | F24: steady | G24: f1Dr1D | H24: None | I24: WOT Braking | J24: ode23t | K24: 401 | L24: 8.0803878 | M24: 231.39133 | N24: 0.010575312 | O24: =HYPERLINK(".\sm_car_250407_2318\sm_car_250407_2318_023_Ca064TrN_MaWOT_ode23t.png","figure") -> figure | P24: Pass | T24: =K24-'2022a_250206_1736'!K24 -> 3 | U24: =T24/'2022a_250206_1736'!K24 -> 0.0075376884 | V24: =L24-'2022a_250206_1736'!L24 -> -0.3313575 | W24: =V24/'2022a_250206_1736'!L24 -> -0.039392241
A25: 24 | B25: 64 | C25: HambaLG | D25: 5S2LAF | E25: MFEval | F25: steady | G25: f1Dr1D | H25: None | I25: Low Speed Steer | J25: ode23t | K25: 515 | L25: 7.9374156 | M25: 71.257169 | N25: -0.51773374 | O25: =HYPERLINK(".\sm_car_250407_2318\sm_car_250407_2318_024_Ca064TrN_MaLSS_ode23t.png","figure") -> figure | P25: Pass | T25: =K25-'2022a_250206_1736'!K25 -> -12 | U25: =T25/'2022a_250206_1736'!K25 -> -0.022770398 | V25: =L25-'2022a_250206_1736'!L25 -> -1.0918344 | W25: =V25/'2022a_250206_1736'!L25 -> -0.12092194
A26: 25 | B26: 80 | C26: HambaLG | D26: 5S2LAR | E26: MFEval | F26: steady | G26: f1Dr1D | H26: None | I26: WOT Braking | J26: ode23t | K26: 409 | L26: 8.5497917 | M26: 230.92214 | N26: -0.018904178 | O26: =HYPERLINK(".\sm_car_250407_2318\sm_car_250407_2318_025_Ca080TrN_MaWOT_ode23t.png","figure") -> figure | P26: Pass | T26: =K26-'2022a_250206_1736'!K26 -> 4 | U26: =T26/'2022a_250206_1736'!K26 -> 0.0098765432 | V26: =L26-'2022a_250206_1736'!L26 -> -1.2620151 | W26: =V26/'2022a_250206_1736'!L26 -> -0.12862209
A27: 26 | B27: 80 | C27: HambaLG | D27: 5S2LAR | E27: MFEval | F27: steady | G27: f1Dr1D | H27: None | I27: Low Speed Steer | J27: ode23t | K27: 511 | L27: 8.1875877 | M27: 71.241627 | N27: -0.5275313 | O27: =HYPERLINK(".\sm_car_250407_2318\sm_car_250407_2318_026_Ca080TrN_MaLSS_ode23t.png","figure") -> figure | P27: Pass | T27: =K27-'2022a_250206_1736'!K27 -> -7 | U27: =T27/'2022a_250206_1736'!K27 -> -0.013513514 | V27: =L27-'2022a_250206_1736'!L27 -> -0.8001094 | W27: =V27/'2022a_250206_1736'!L27 -> -0.089022738
A28: 27 | B28: 96 | C28: HambaLG | D28: 5CS2LAF | E28: MFEval | F28: steady | G28: f1Dr1D | H28: None | I28: WOT Braking | J28: ode23t | K28: 408 | L28: 6.1851631 | M28: 233.14095 | N28: 0.022170176 | O28: =HYPERLINK(".\sm_car_250407_2318\sm_car_250407_2318_027_Ca096TrN_MaWOT_ode23t.png","figure") -> figure | P28: Pass | T28: =K28-'2022a_250206_1736'!K28 -> -7 | U28: =T28/'2022a_250206_1736'!K28 -> -0.01686747 | V28: =L28-'2022a_250206_1736'!L28 -> -0.5653979 | W28: =V28/'2022a_250206_1736'!L28 -> -0.083755691
A29: 28 | B29: 96 | C29: HambaLG | D29: 5CS2LAF | E29: MFEval | F29: steady | G29: f1Dr1D | H29: None | I29: Low Speed Steer | J29: ode23t | K29: 508 | L29: 6.7321201 | M29: 71.764371 | N29: -0.52600636 | O29: =HYPERLINK(".\sm_car_250407_2318\sm_car_250407_2318_028_Ca096TrN_MaLSS_ode23t.png","figure") -> figure | P29: Pass | T29: =K29-'2022a_250206_1736'!K29 -> -11 | U29: =T29/'2022a_250206_1736'!K29 -> -0.021194605 | V29: =L29-'2022a_250206_1736'!L29 -> 0.1219686 | W29: =V29/'2022a_250206_1736'!L29 -> 0.01845171
A30: 29 | B30: 112 | C30: HambaLG | D30: 15DOF | E30: MFEval | F30: steady | G30: f1Dr1D | H30: None | I30: WOT Braking | J30: ode23t | K30: 371 | L30: 2.2592868 | M30: 242.67152 | N30: 0.23455913 | O30: =HYPERLINK(".\sm_car_250407_2318\sm_car_250407_2318_029_Ca112TrN_MaWOT_ode23t.png","figure") -> figure | P30: Pass | T30: =K30-'2022a_250206_1736'!K30 -> 0 | U30: =T30/'2022a_250206_1736'!K30 -> 0 | V30: =L30-'2022a_250206_1736'!L30 -> -0.2331479 | W30: =V30/'2022a_250206_1736'!L30 -> -0.09354223
A31: 30 | B31: 112 | C31: HambaLG | D31: 15DOF | E31: MFEval | F31: steady | G31: f1Dr1D | H31: None | I31: Low Speed Steer | J31: ode23t | K31: 480 | L31: 2.4936378 | M31: 74.659634 | N31: -0.33798931 | O31: =HYPERLINK(".\sm_car_250407_2318\sm_car_250407_2318_030_Ca112TrN_MaLSS_ode23t.png","figure") -> figure | P31: Pass | T31: =K31-'2022a_250206_1736'!K31 -> 0 | U31: =T31/'2022a_250206_1736'!K31 -> 0 | V31: =L31-'2022a_250206_1736'!L31 -> -0.2843114 | W31: =V31/'2022a_250206_1736'!L31 -> -0.10234579
A32: 31 | B32: 113 | C32: HambaLG | D32: 15DOF | E32: MFEval | F32: steady | G32: f1D3Dr1D | H32: None | I32: WOT Braking | J32: ode23t | K32: 366 | L32: 2.6932016 | M32: 241.4988 | N32: 0.22933556 | O32: =HYPERLINK(".\sm_car_250407_2318\sm_car_250407_2318_031_Ca113TrN_MaWOT_ode23t.png","figure") -> figure | P32: Pass | T32: =K32-'2022a_250206_1736'!K32 -> 0 | U32: =T32/'2022a_250206_1736'!K32 -> 0 | V32: =L32-'2022a_250206_1736'!L32 -> -0.2298023 | W32: =V32/'2022a_250206_1736'!L32 -> -0.07861854
A33: 32 | B33: 113 | C33: HambaLG | D33: 15DOF | E33: MFEval | F33: steady | G33: f1D3Dr1D | H33: None | I33: Low Speed Steer | J33: ode23t | K33: 487 | L33: 3.1711091 | M33: 74.346228 | N33: -0.33396938 | O33: =HYPERLINK(".\sm_car_250407_2318\sm_car_250407_2318_032_Ca113TrN_MaLSS_ode23t.png","figure") -> figure | P33: Pass | T33: =K33-'2022a_250206_1736'!K33 -> 0 | U33: =T33/'2022a_250206_1736'!K33 -> 0 | V33: =L33-'2022a_250206_1736'!L33 -> -0.1285492 | W33: =V33/'2022a_250206_1736'!L33 -> -0.038958337
A34: 33 | B34: 114 | C34: HambaLG | D34: 15DOF | E34: MFEval | F34: steady | G34: fCVpCVr1D | H34: None | I34: WOT Braking | J34: ode23t | K34: 382 | L34: 2.907095 | M34: 241.61378 | N34: 0.23021245 | O34: =HYPERLINK(".\sm_car_250407_2318\sm_car_250407_2318_033_Ca114TrN_MaWOT_ode23t.png","figure") -> figure | P34: Pass | T34: =K34-'2022a_250206_1736'!K34 -> 0 | U34: =T34/'2022a_250206_1736'!K34 -> 0 | V34: =L34-'2022a_250206_1736'!L34 -> -0.2396204 | W34: =V34/'2022a_250206_1736'!L34 -> -0.076149372
A35: 34 | B35: 114 | C35: HambaLG | D35: 15DOF | E35: MFEval | F35: steady | G35: fCVpCVr1D | H35: None | I35: Low Speed Steer | J35: ode23t | K35: 482 | L35: 3.1309647 | M35: 74.351409 | N35: -0.3342006 | O35: =HYPERLINK(".\sm_car_250407_2318\sm_car_250407_2318_034_Ca114TrN_MaLSS_ode23t.png","figure") -> figure | P35: Pass | T35: =K35-'2022a_250206_1736'!K35 -> 0 | U35: =T35/'2022a_250206_1736'!K35 -> 0 | V35: =L35-'2022a_250206_1736'!L35 -> -0.0946185 | W35: =V35/'2022a_250206_1736'!L35 -> -0.029333765
A36: 35 | B36: 115 | C36: HambaLG | D36: 15DOF | E36: MFEval | F36: steady | G36: fCVpCVflexr1D | H36: None | I36: WOT Braking | J36: ode23t | K36: 394 | L36: 2.9837028 | M36: 241.17294 | N36: 0.22843005 | O36: =HYPERLINK(".\sm_car_250407_2318\sm_car_250407_2318_035_Ca115TrN_MaWOT_ode23t.png","figure") -> figure | P36: Pass | T36: =K36-'2022a_250206_1736'!K36 -> 0 | U36: =T36/'2022a_250206_1736'!K36 -> 0 | V36: =L36-'2022a_250206_1736'!L36 -> -0.1788949 | W36: =V36/'2022a_250206_1736'!L36 -> -0.05656581
A37: 36 | B37: 115 | C37: HambaLG | D37: 15DOF | E37: MFEval | F37: steady | G37: fCVpCVflexr1D | H37: None | I37: Low Speed Steer | J37: ode23t | K37: 505 | L37: 3.199482 | M37: 74.209226 | N37: -0.33168045 | O37: =HYPERLINK(".\sm_car_250407_2318\sm_car_250407_2318_036_Ca115TrN_MaLSS_ode23t.png","figure") -> figure | P37: Pass | T37: =K37-'2022a_250206_1736'!K37 -> 0 | U37: =T37/'2022a_250206_1736'!K37 -> 0 | V37: =L37-'2022a_250206_1736'!L37 -> -0.2023742 | W37: =V37/'2022a_250206_1736'!L37 -> -0.059489346
A38: 37 | B38: 116 | C38: HambaLG | D38: 15DOF | E38: MFEval | F38: lintra | G38: f1Dr1D | H38: None | I38: WOT Braking | J38: ode23t | K38: 943 | L38: 4.2079208 | M38: 242.63119 | N38: 0.23279194 | O38: =HYPERLINK(".\sm_car_250407_2318\sm_car_250407_2318_037_Ca116TrN_MaWOT_ode23t.png","figure") -> figure | P38: Pass | T38: =K38-'2022a_250206_1736'!K38 -> 0 | U38: =T38/'2022a_250206_1736'!K38 -> 0 | V38: =L38-'2022a_250206_1736'!L38 -> -0.3593199 | W38: =V38/'2022a_250206_1736'!L38 -> -0.0786733
A39: 38 | B39: 116 | C39: HambaLG | D39: 15DOF | E39: MFEval | F39: lintra | G39: f1Dr1D | H39: None | I39: Low Speed Steer | J39: ode23t | K39: 1060 | L39: 4.6842099 | M39: 74.660234 | N39: -0.34043153 | O39: =HYPERLINK(".\sm_car_250407_2318\sm_car_250407_2318_038_Ca116TrN_MaLSS_ode23t.png","figure") -> figure | P39: Pass | T39: =K39-'2022a_250206_1736'!K39 -> 0 | U39: =T39/'2022a_250206_1736'!K39 -> 0 | V39: =L39-'2022a_250206_1736'!L39 -> -0.3611545 | W39: =V39/'2022a_250206_1736'!L39 -> -0.07158145
A40: 39 | B40: 117 | C40: HambaLG | D40: 15DOF | E40: MFEval | F40: lintra | G40: f1D3Dr1D | H40: None | I40: WOT Braking | J40: ode23t | K40: 951 | L40: 4.9274842 | M40: 241.56098 | N40: 0.2297138 | O40: =HYPERLINK(".\sm_car_250407_2318\sm_car_250407_2318_039_Ca117TrN_MaWOT_ode23t.png","figure") -> figure | P40: Pass | T40: =K40-'2022a_250206_1736'!K40 -> 0 | U40: =T40/'2022a_250206_1736'!K40 -> 0 | V40: =L40-'2022a_250206_1736'!L40 -> -0.2611465 | W40: =V40/'2022a_250206_1736'!L40 -> -0.050330524
A41: 40 | B41: 117 | C41: HambaLG | D41: 15DOF | E41: MFEval | F41: lintra | G41: f1D3Dr1D | H41: None | I41: Low Speed Steer | J41: ode23t | K41: 1068 | L41: 5.6328978 | M41: 74.350658 | N41: -0.33660139 | O41: =HYPERLINK(".\sm_car_250407_2318\sm_car_250407_2318_040_Ca117TrN_MaLSS_ode23t.png","figure") -> figure | P41: Pass | T41: =K41-'2022a_250206_1736'!K41 -> 0 | U41: =T41/'2022a_250206_1736'!K41 -> 0 | V41: =L41-'2022a_250206_1736'!L41 -> 0.4029631 | W41: =V41/'2022a_250206_1736'!L41 -> 0.077049356
A42: 41 | B42: 118 | C42: HambaLG | D42: 15DOF | E42: MFEval | F42: lintra | G42: fCVpCVr1D | H42: None | I42: WOT Braking | J42: ode23t | K42: 941 | L42: 4.992089 | M42: 241.3683 | N42: 0.23049915 | O42: =HYPERLINK(".\sm_car_250407_2318\sm_car_250407_2318_041_Ca118TrN_MaWOT_ode23t.png","figure") -> figure | P42: Pass | T42: =K42-'2022a_250206_1736'!K42 -> 0 | U42: =T42/'2022a_250206_1736'!K42 -> 0 | V42: =L42-'2022a_250206_1736'!L42 -> -0.2737075 | W42: =V42/'2022a_250206_1736'!L42 -> -0.051978366
A43: 42 | B43: 118 | C43: HambaLG | D43: 15DOF | E43: MFEval | F43: lintra | G43: fCVpCVr1D | H43: None | I43: Low Speed Steer | J43: ode23t | K43: 1055 | L43: 6.1797436 | M43: 74.351196 | N43: -0.3338755 | O43: =HYPERLINK(".\sm_car_250407_2318\sm_car_250407_2318_042_Ca118TrN_MaLSS_ode23t.png","figure") -> figure | P43: Pass | T43: =K43-'2022a_250206_1736'!K43 -> 0 | U43: =T43/'2022a_250206_1736'!K43 -> 0 | V43: =L43-'2022a_250206_1736'!L43 -> 0.2335913 | W43: =V43/'2022a_250206_1736'!L43 -> 0.039284446
A44: 43 | B44: 119 | C44: HambaLG | D44: 15DOF | E44: MFEval | F44: lintra | G44: fCVpCVflexr1D | H44: None | I44: WOT Braking | J44: ode23t | K44: 964 | L44: 5.5146895 | M44: 241.11273 | N44: 0.22980107 | O44: =HYPERLINK(".\sm_car_250407_2318\sm_car_250407_2318_043_Ca119TrN_MaWOT_ode23t.png","figure") -> figure | P44: Pass | T44: =K44-'2022a_250206_1736'!K44 -> 0 | U44: =T44/'2022a_250206_1736'!K44 -> 0 | V44: =L44-'2022a_250206_1736'!L44 -> 0.1901715 | W44: =V44/'2022a_250206_1736'!L44 -> 0.035716191
A45: 44 | B45: 119 | C45: HambaLG | D45: 15DOF | E45: MFEval | F45: lintra | G45: fCVpCVflexr1D | H45: None | I45: Low Speed Steer | J45: ode23t | K45: 1081 | L45: 6.0559513 | M45: 74.200881 | N45: -0.33242008 | O45: =HYPERLINK(".\sm_car_250407_2318\sm_car_250407_2318_044_Ca119TrN_MaLSS_ode23t.png","figure") -> figure | P45: Pass | T45: =K45-'2022a_250206_1736'!K45 -> 0 | U45: =T45/'2022a_250206_1736'!K45 -> 0 | V45: =L45-'2022a_250206_1736'!L45 -> 0.0346355 | W45: =V45/'2022a_250206_1736'!L45 -> 0.0057521481
A46: 45 | B46: 128 | C46: HambaLG | D46: dwb | E46: MFMbody | F46: steady | G46: oneShaft | H46: None | I46: WOT Braking | J46: ode23t | K46: 315 | L46: 5.994351 | M46: 99.772003 | N46: -0.016269964 | O46: =HYPERLINK(".\sm_car_250407_2318\sm_car_250407_2318_045_Ca128TrN_MaWOT_ode23t.png","figure") -> figure | P46: Pass | T46: =K46-'2022a_250206_1736'!K46 -> -6 | U46: =T46/'2022a_250206_1736'!K46 -> -0.018691589 | V46: =L46-'2022a_250206_1736'!L46 -> 0.4830265 | W46: =V46/'2022a_250206_1736'!L46 -> 0.087642544
A47: 46 | B47: 128 | C47: HambaLG | D47: dwb | E47: MFMbody | F47: steady | G47: oneShaft | H47: None | I47: Low Speed Steer | J47: ode23t | K47: 437 | L47: 7.3367423 | M47: 36.954451 | N47: -0.13129048 | O47: =HYPERLINK(".\sm_car_250407_2318\sm_car_250407_2318_046_Ca128TrN_MaLSS_ode23t.png","figure") -> figure | P47: Pass | T47: =K47-'2022a_250206_1736'!K47 -> -1 | U47: =T47/'2022a_250206_1736'!K47 -> -0.002283105 | V47: =L47-'2022a_250206_1736'!L47 -> 0.3842379 | W47: =V47/'2022a_250206_1736'!L47 -> 0.055266114
A48: 47 | B48: 129 | C48: HambaLG | D48: dwb | E48: MFMbody | F48: steady | G48: fCVrCV | H48: None | I48: WOT Braking | J48: ode23t | K48: 339 | L48: 6.9169896 | M48: 229.37585 | N48: 0.058576859 | O48: =HYPERLINK(".\sm_car_250407_2318\sm_car_250407_2318_047_Ca129TrN_MaWOT_ode23t.png","figure") -> figure | P48: Pass | T48: =K48-'2022a_250206_1736'!K48 -> -4 | U48: =T48/'2022a_250206_1736'!K48 -> -0.011661808 | V48: =L48-'2022a_250206_1736'!L48 -> 0.1549178 | W48: =V48/'2022a_250206_1736'!L48 -> 0.022909813
A49: 48 | B49: 129 | C49: HambaLG | D49: dwb | E49: MFMbody | F49: steady | G49: fCVrCV | H49: None | I49: Low Speed Steer | J49: ode23t | K49: 462 | L49: 8.0811363 | M49: 70.700602 | N49: -0.52816209 | O49: =HYPERLINK(".\sm_car_250407_2318\sm_car_250407_2318_048_Ca129TrN_MaLSS_ode23t.png","figure") -> figure | P49: Pass | T49: =K49-'2022a_250206_1736'!K49 -> -26 | U49: =T49/'2022a_250206_1736'!K49 -> -0.053278689 | V49: =L49-'2022a_250206_1736'!L49 -> -0.1052419 | W49: =V49/'2022a_250206_1736'!L49 -> -0.012855734
A50: 49 | B50: 130 | C50: HambaLG | D50: dwb | E50: MFEval | F50: steady | G50: 1D3DABS | H50: None | I50: WOT Braking | J50: ode23t | K50: 781 | L50: 21.929643 | M50: 217.21827 | N50: -1.5404692 | O50: =HYPERLINK(".\sm_car_250407_2318\sm_car_250407_2318_049_Ca130TrN_MaWOT_ode23t.png","figure") -> figure | P50: Pass | T50: =K50-'2022a_250206_1736'!K50 -> -17 | U50: =T50/'2022a_250206_1736'!K50 -> -0.021303258 | V50: =L50-'2022a_250206_1736'!L50 -> -2.0587852 | W50: =V50/'2022a_250206_1736'!L50 -> -0.085824098
A51: 50 | B51: 130 | C51: HambaLG | D51: dwb | E51: MFEval | F51: steady | G51: 1D3DABS | H51: None | I51: Low Speed Steer | J51: ode23t | K51: 777 | L51: 21.412315 | M51: 68.778243 | N51: -0.54520782 | O51: =HYPERLINK(".\sm_car_250407_2318\sm_car_250407_2318_050_Ca130TrN_MaLSS_ode23t.png","figure") -> figure | P51: Pass | T51: =K51-'2022a_250206_1736'!K51 -> -15 | U51: =T51/'2022a_250206_1736'!K51 -> -0.018939394 | V51: =L51-'2022a_250206_1736'!L51 -> -0.4212043 | W51: =V51/'2022a_250206_1736'!L51 -> -0.019291636
A52: 51 | B52: 131 | C52: HambaLG | D52: dwb | E52: MFMbody | F52: steady | G52: sprFnl | H52: None | I52: WOT Braking | J52: ode23t | K52: 356 | L52: 4.8217526 | M52: 230.34203 | N52: -0.043237587 | O52: =HYPERLINK(".\sm_car_250407_2318\sm_car_250407_2318_051_Ca131TrN_MaWOT_ode23t.png","figure") -> figure | P52: Pass | T52: =K52-'2022a_250206_1736'!K52 -> 9 | U52: =T52/'2022a_250206_1736'!K52 -> 0.025936599 | V52: =L52-'2022a_250206_1736'!L52 -> 0.1368002 | W52: =V52/'2022a_250206_1736'!L52 -> 0.029199912
A53: 52 | B53: 131 | C53: HambaLG | D53: dwb | E53: MFMbody | F53: steady | G53: sprFnl | H53: None | I53: Low Speed Steer | J53: ode23t | K53: 494 | L53: 5.513699 | M53: 70.97461 | N53: -0.53714337 | O53: =HYPERLINK(".\sm_car_250407_2318\sm_car_250407_2318_052_Ca131TrN_MaLSS_ode23t.png","figure") -> figure | P53: Pass | T53: =K53-'2022a_250206_1736'!K53 -> 7 | U53: =T53/'2022a_250206_1736'!K53 -> 0.014373717 | V53: =L53-'2022a_250206_1736'!L53 -> -0.2618445 | W53: =V53/'2022a_250206_1736'!L53 -> -0.045336772
A54: 53 | B54: 132 | C54: HambaLG | D54: dwb | E54: MFMbody | F54: steady | G54: sprconRnl | H54: None | I54: WOT Braking | J54: ode23t | K54: 361 | L54: 4.7695589 | M54: 230.37221 | N54: -0.0097266153 | O54: =HYPERLINK(".\sm_car_250407_2318\sm_car_250407_2318_053_Ca132TrN_MaWOT_ode23t.png","figure") -> figure | P54: Pass | T54: =K54-'2022a_250206_1736'!K54 -> 19 | U54: =T54/'2022a_250206_1736'!K54 -> 0.055555556 | V54: =L54-'2022a_250206_1736'!L54 -> 0.1098979 | W54: =V54/'2022a_250206_1736'!L54 -> 0.023584956
A55: 54 | B55: 132 | C55: HambaLG | D55: dwb | E55: MFMbody | F55: steady | G55: sprconRnl | H55: None | I55: Low Speed Steer | J55: ode23t | K55: 480 | L55: 5.3534334 | M55: 70.963576 | N55: -0.53344427 | O55: =HYPERLINK(".\sm_car_250407_2318\sm_car_250407_2318_054_Ca132TrN_MaLSS_ode23t.png","figure") -> figure | P55: Pass | T55: =K55-'2022a_250206_1736'!K55 -> 7 | U55: =T55/'2022a_250206_1736'!K55 -> 0.014799154 | V55: =L55-'2022a_250206_1736'!L55 -> -0.0967546 | W55: =V55/'2022a_250206_1736'!L55 -> -0.017752525
A56: 55 | B56: 133 | C56: HambaLG | D56: dwb | E56: MFMbody | F56: steady | G56: sprLin | H56: None | I56: WOT Braking | J56: ode23t | K56: 354 | L56: 4.9398866 | M56: 230.38905 | N56: -0.01210306 | O56: =HYPERLINK(".\sm_car_250407_2318\sm_car_250407_2318_055_Ca133TrN_MaWOT_ode23t.png","figure") -> figure | P56: Pass | T56: =K56-'2022a_250206_1736'!K56 -> 8 | U56: =T56/'2022a_250206_1736'!K56 -> 0.023121387 | V56: =L56-'2022a_250206_1736'!L56 -> 0.6226588 | W56: =V56/'2022a_250206_1736'!L56 -> 0.14422653
A57: 56 | B57: 133 | C57: HambaLG | D57: dwb | E57: MFMbody | F57: steady | G57: sprLin | H57: None | I57: Low Speed Steer | J57: ode23t | K57: 509 | L57: 5.8570047 | M57: 70.972245 | N57: -0.53397566 | O57: =HYPERLINK(".\sm_car_250407_2318\sm_car_250407_2318_056_Ca133TrN_MaLSS_ode23t.png","figure") -> figure | P57: Pass | T57: =K57-'2022a_250206_1736'!K57 -> 20 | U57: =T57/'2022a_250206_1736'!K57 -> 0.040899796 | V57: =L57-'2022a_250206_1736'!L57 -> 0.3117989 | W57: =V57/'2022a_250206_1736'!L57 -> 0.056228553
A58: 57 | B58: 134 | C58: HambaLG | D58: dwb | E58: MFMbody | F58: steady | G58: daminRnl | H58: None | I58: WOT Braking | J58: ode23t | K58: 358 | L58: 4.8571611 | M58: 230.28433 | N58: -0.009910487 | O58: =HYPERLINK(".\sm_car_250407_2318\sm_car_250407_2318_057_Ca134TrN_MaWOT_ode23t.png","figure") -> figure | P58: Pass | T58: =K58-'2022a_250206_1736'!K58 -> 6 | U58: =T58/'2022a_250206_1736'!K58 -> 0.017045455 | V58: =L58-'2022a_250206_1736'!L58 -> 0.3406293 | W58: =V58/'2022a_250206_1736'!L58 -> 0.075418333
A59: 58 | B59: 134 | C59: HambaLG | D59: dwb | E59: MFMbody | F59: steady | G59: daminRnl | H59: None | I59: Low Speed Steer | J59: ode23t | K59: 506 | L59: 5.48441 | M59: 70.979614 | N59: -0.53280098 | O59: =HYPERLINK(".\sm_car_250407_2318\sm_car_250407_2318_058_Ca134TrN_MaLSS_ode23t.png","figure") -> figure | P59: Pass | T59: =K59-'2022a_250206_1736'!K59 -> 16 | U59: =T59/'2022a_250206_1736'!K59 -> 0.032653061 | V59: =L59-'2022a_250206_1736'!L59 -> -0.0719125 | W59: =V59/'2022a_250206_1736'!L59 -> -0.012942463
A60: 59 | B60: 135 | C60: HambaLG | D60: dwb | E60: MFMbody | F60: steady | G60: damconFnl | H60: None | I60: WOT Braking | J60: ode23t | K60: 345 | L60: 4.6493968 | M60: 230.39865 | N60: -0.010479892 | O60: =HYPERLINK(".\sm_car_250407_2318\sm_car_250407_2318_059_Ca135TrN_MaWOT_ode23t.png","figure") -> figure | P60: Pass | T60: =K60-'2022a_250206_1736'!K60 -> -13 | U60: =T60/'2022a_250206_1736'!K60 -> -0.036312849 | V60: =L60-'2022a_250206_1736'!L60 -> -0.3615999 | W60: =V60/'2022a_250206_1736'!L60 -> -0.072161273
A61: 60 | B61: 135 | C61: HambaLG | D61: dwb | E61: MFMbody | F61: steady | G61: damconFnl | H61: None | I61: Low Speed Steer | J61: ode23t | K61: 485 | L61: 5.7135253 | M61: 70.979787 | N61: -0.52442297 | O61: =HYPERLINK(".\sm_car_250407_2318\sm_car_250407_2318_060_Ca135TrN_MaLSS_ode23t.png","figure") -> figure | P61: Pass | T61: =K61-'2022a_250206_1736'!K61 -> -12 | U61: =T61/'2022a_250206_1736'!K61 -> -0.024144869 | V61: =L61-'2022a_250206_1736'!L61 -> 0.4175214 | W61: =V61/'2022a_250206_1736'!L61 -> 0.078837064
A62: 61 | B62: 136 | C62: HambaLG | D62: dwb | E62: MFMbody | F62: steady | G62: CVCVp1D | H62: None | I62: WOT Braking | J62: ode23t | K62: 368 | L62: 5.5622199 | M62: 230.36694 | N62: 0.053631848 | O62: =HYPERLINK(".\sm_car_250407_2318\sm_car_250407_2318_061_Ca136TrN_MaWOT_ode23t.png","figure") -> figure | P62: Pass | T62: =K62-'2022a_250206_1736'!K62 -> -8 | U62: =T62/'2022a_250206_1736'!K62 -> -0.021276596 | V62: =L62-'2022a_250206_1736'!L62 -> 0.0689392 | W62: =V62/'2022a_250206_1736'!L62 -> 0.012549732
A63: 62 | B63: 136 | C63: HambaLG | D63: dwb | E63: MFMbody | F63: steady | G63: CVCVp1D | H63: None | I63: Low Speed Steer | J63: ode23t | K63: 495 | L63: 6.7905469 | M63: 70.97147 | N63: -0.53019533 | O63: =HYPERLINK(".\sm_car_250407_2318\sm_car_250407_2318_062_Ca136TrN_MaLSS_ode23t.png","figure") -> figure | P63: Pass | T63: =K63-'2022a_250206_1736'!K63 -> -7 | U63: =T63/'2022a_250206_1736'!K63 -> -0.013944223 | V63: =L63-'2022a_250206_1736'!L63 -> 0.1826605 | W63: =V63/'2022a_250206_1736'!L63 -> 0.027642803
A64: 63 | B64: 137 | C64: HambaLG | D64: dwb | E64: MFMbody | F64: steady | G64: f1Dr1D | H64: None | I64: WOT Braking | J64: ode23t | K64: 330 | L64: 4.0193181 | M64: 231.37619 | N64: 0.13995991 | O64: =HYPERLINK(".\sm_car_250407_2318\sm_car_250407_2318_063_Ca137TrN_MaWOT_ode23t.png","figure") -> figure | P64: Pass | T64: =K64-'2022a_250206_1736'!K64 -> 1 | U64: =T64/'2022a_250206_1736'!K64 -> 0.0030395137 | V64: =L64-'2022a_250206_1736'!L64 -> -0.0713812 | W64: =V64/'2022a_250206_1736'!L64 -> -0.017449633
A65: 64 | B65: 137 | C65: HambaLG | D65: dwb | E65: MFMbody | F65: steady | G65: f1Dr1D | H65: None | I65: Low Speed Steer | J65: ode23t | K65: 470 | L65: 4.5334718 | M65: 71.242988 | N65: -0.51191002 | O65: =HYPERLINK(".\sm_car_250407_2318\sm_car_250407_2318_064_Ca137TrN_MaLSS_ode23t.png","figure") -> figure | P65: Pass | T65: =K65-'2022a_250206_1736'!K65 -> -9 | U65: =T65/'2022a_250206_1736'!K65 -> -0.018789144 | V65: =L65-'2022a_250206_1736'!L65 -> -0.1663791 | W65: =V65/'2022a_250206_1736'!L65 -> -0.035400932
A66: 65 | B66: 138 | C66: HambaLG | D66: dwb | E66: MFMbody | F66: steady | G66: f1Dr1D | H66: None | I66: WOT Braking | J66: ode23t | K66: 325 | L66: 5.6442594 | M66: 231.3463 | N66: 0.14575438 | O66: =HYPERLINK(".\sm_car_250407_2318\sm_car_250407_2318_065_Ca138TrN_MaWOT_ode23t.png","figure") -> figure | P66: Pass | T66: =K66-'2022a_250206_1736'!K66 -> -3 | U66: =T66/'2022a_250206_1736'!K66 -> -0.0091463415 | V66: =L66-'2022a_250206_1736'!L66 -> -0.2232543 | W66: =V66/'2022a_250206_1736'!L66 -> -0.038049217
A67: 66 | B67: 138 | C67: HambaLG | D67: dwb | E67: MFMbody | F67: steady | G67: f1Dr1D | H67: None | I67: Low Speed Steer | J67: ode23t | K67: 493 | L67: 6.8007935 | M67: 71.135576 | N67: -0.82740227 | O67: =HYPERLINK(".\sm_car_250407_2318\sm_car_250407_2318_066_Ca138TrN_MaLSS_ode23t.png","figure") -> figure | P67: Pass | T67: =K67-'2022a_250206_1736'!K67 -> -5 | U67: =T67/'2022a_250206_1736'!K67 -> -0.010040161 | V67: =L67-'2022a_250206_1736'!L67 -> 0.1935057 | W67: =V67/'2022a_250206_1736'!L67 -> 0.029286707
A68: 67 | B68: 139 | C68: Hamba | D68: dwb | E68: MFEval | F68: steady | G68: fCVpCVr1D | H68: None | I68: WOT Braking | J68: ode23t | K68: 703 | L68: 28.108019 | M68: 405.21355 | N68: 1.8121906 | O68: =HYPERLINK(".\sm_car_250407_2318\sm_car_250407_2318_067_Ca139TrN_MaWOT_ode23t.png","figure") -> figure | P68: Pass | T68: =K68-'2022a_250206_1736'!K68 -> 41 | U68: =T68/'2022a_250206_1736'!K68 -> 0.061933535 | V68: =L68-'2022a_250206_1736'!L68 -> 2.7953675 | W68: =V68/'2022a_250206_1736'!L68 -> 0.11043361
A69: 68 | B69: 139 | C69: Hamba | D69: dwb | E69: MFEval | F69: steady | G69: fCVpCVr1D | H69: None | I69: Low Speed Steer | J69: ode23t | K69: 617 | L69: 15.317423 | M69: 154.35855 | N69: -0.58119427 | O69: =HYPERLINK(".\sm_car_250407_2318\sm_car_250407_2318_068_Ca139TrN_MaLSS_ode23t.png","figure") -> figure | P69: Pass | T69: =K69-'2022a_250206_1736'!K69 -> 7 | U69: =T69/'2022a_250206_1736'!K69 -> 0.01147541 | V69: =L69-'2022a_250206_1736'!L69 -> 0.7455383 | W69: =V69/'2022a_250206_1736'!L69 -> 0.051162793
A70: 69 | B70: 141 | C70: Hamba | D70: dwb | E70: MFEval | F70: lintra | G70: fCVpCVr1D | H70: None | I70: WOT Braking | J70: ode23t | K70: 2040 | L70: 39.74828 | M70: 405.3272 | N70: 1.6302579 | O70: =HYPERLINK(".\sm_car_250407_2318\sm_car_250407_2318_069_Ca141TrN_MaWOT_ode23t.png","figure") -> figure | P70: Pass | T70: =K70-'2022a_250206_1736'!K70 -> 95 | U70: =T70/'2022a_250206_1736'!K70 -> 0.048843188 | V70: =L70-'2022a_250206_1736'!L70 -> 3.4736375 | W70: =V70/'2022a_250206_1736'!L70 -> 0.095759385
A71: 70 | B71: 141 | C71: Hamba | D71: dwb | E71: MFEval | F71: lintra | G71: fCVpCVr1D | H71: None | I71: Low Speed Steer | J71: ode23t | K71: 1875 | L71: 26.853248 | M71: 154.41615 | N71: -0.58218305 | O71: =HYPERLINK(".\sm_car_250407_2318\sm_car_250407_2318_070_Ca141TrN_MaLSS_ode23t.png","figure") -> figure | P71: Pass | T71: =K71-'2022a_250206_1736'!K71 -> 72 | U71: =T71/'2022a_250206_1736'!K71 -> 0.039933444 | V71: =L71-'2022a_250206_1736'!L71 -> 3.5883659 | W71: =V71/'2022a_250206_1736'!L71 -> 0.15423959
A72: 71 | B72: 143 | C72: Makhulu | D72: dwb | E72: MFEval2x | F72: steady | G72: fCVpCVr1D | H72: None | I72: WOT Braking | J72: ode23t | K72: 364 | L72: 20.12519 | M72: 95.847578 | N72: -0.032261635 | O72: =HYPERLINK(".\sm_car_250407_2318\sm_car_250407_2318_071_Ca143TrN_MaWOT_ode23t.png","figure") -> figure | P72: Pass | T72: =K72-'2022a_250206_1736'!K72 -> 1 | U72: =T72/'2022a_250206_1736'!K72 -> 0.0027548209 | V72: =L72-'2022a_250206_1736'!L72 -> -1.9671989 | W72: =V72/'2022a_250206_1736'!L72 -> -0.089044192
A73: 72 | B73: 143 | C73: Makhulu | D73: dwb | E73: MFEval2x | F73: steady | G73: fCVpCVr1D | H73: None | I73: Low Speed Steer | J73: ode23t | K73: 464 | L73: 21.115455 | M73: 25.01489 | N73: -0.052881968 | O73: =HYPERLINK(".\sm_car_250407_2318\sm_car_250407_2318_072_Ca143TrN_MaLSS_ode23t.png","figure") -> figure | P73: Pass | T73: =K73-'2022a_250206_1736'!K73 -> -11 | U73: =T73/'2022a_250206_1736'!K73 -> -0.023157895 | V73: =L73-'2022a_250206_1736'!L73 -> -3.5786844 | W73: =V73/'2022a_250206_1736'!L73 -> -0.14492039
A74: 73 | B74: 144 | C74: Makhulu | D74: dwb | E74: MFEval | F74: steady | G74: fCVpCVr1D | H74: None | I74: WOT Braking | J74: ode23t | K74: 334 | L74: 16.142004 | M74: 114.0353 | N74: 0.53162845 | O74: =HYPERLINK(".\sm_car_250407_2318\sm_car_250407_2318_073_Ca144TrN_MaWOT_ode23t.png","figure") -> figure | P74: Pass | T74: =K74-'2022a_250206_1736'!K74 -> -28 | U74: =T74/'2022a_250206_1736'!K74 -> -0.077348066 | V74: =L74-'2022a_250206_1736'!L74 -> 0.2034921 | W74: =V74/'2022a_250206_1736'!L74 -> 0.012767321
A75: 74 | B75: 144 | C75: Makhulu | D75: dwb | E75: MFEval | F75: steady | G75: fCVpCVr1D | H75: None | I75: Low Speed Steer | J75: ode23t | K75: 459 | L75: 14.689617 | M75: 35.601728 | N75: -0.032699139 | O75: =HYPERLINK(".\sm_car_250407_2318\sm_car_250407_2318_074_Ca144TrN_MaLSS_ode23t.png","figure") -> figure | P75: Pass | T75: =K75-'2022a_250206_1736'!K75 -> -26 | U75: =T75/'2022a_250206_1736'!K75 -> -0.053608247 | V75: =L75-'2022a_250206_1736'!L75 -> -2.6236205 | W75: =V75/'2022a_250206_1736'!L75 -> -0.15153841
A76: 75 | B76: 147 | C76: Hamba | D76: dwb | E76: CFL | F76: steady | G76: fCVpCVr1D | H76: None | I76: WOT Braking | J76: ode23t | K76: 2324 | L76: 32.836724 | M76: 399.71398 | N76: -15.916424 | O76: =HYPERLINK(".\sm_car_250407_2318\sm_car_250407_2318_075_Ca147TrN_MaWOT_ode23t.png","figure") -> figure | P76: Pass | T76: =K76-'2022a_250206_1736'!K76 -> -317 | U76: =T76/'2022a_250206_1736'!K76 -> -0.12003029 | V76: =L76-'2022a_250206_1736'!L76 -> 4.6434485 | W76: =V76/'2022a_250206_1736'!L76 -> 0.16470057
A77: 76 | B77: 147 | C77: Hamba | D77: dwb | E77: CFL | F77: steady | G77: fCVpCVr1D | H77: None | I77: Low Speed Steer | J77: ode23t | K77: 1320 | L77: 18.076198 | M77: 151.92534 | N77: -2.4176282 | O77: =HYPERLINK(".\sm_car_250407_2318\sm_car_250407_2318_076_Ca147TrN_MaLSS_ode23t.png","figure") -> figure | P77: Pass | T77: =K77-'2022a_250206_1736'!K77 -> -2 | U77: =T77/'2022a_250206_1736'!K77 -> -0.0015128593 | V77: =L77-'2022a_250206_1736'!L77 -> 0.9146106 | W77: =V77/'2022a_250206_1736'!L77 -> 0.053294057
A78: 77 | B78: 183 | C78: Achilles | D78: dwpull | E78: MFEval | F78: steady | G78: f1Dr1D | H78: None | I78: WOT Braking | J78: ode23t | K78: 796 | L78: 16.480655 | M78: 193.60049 | N78: 0.24614522 | O78: =HYPERLINK(".\sm_car_250407_2318\sm_car_250407_2318_077_Ca183TrN_MaWOT_ode23t.png","figure") -> figure | P78: Pass | T78: =K78-'2022a_250206_1736'!K78 -> -318 | U78: =T78/'2022a_250206_1736'!K78 -> -0.28545781 | V78: =L78-'2022a_250206_1736'!L78 -> -14.084416 | W78: =V78/'2022a_250206_1736'!L78 -> -0.46080103
A79: 78 | B79: 183 | C79: Achilles | D79: dwpull | E79: MFEval | F79: steady | G79: f1Dr1D | H79: None | I79: Low Speed Steer | J79: ode23t | K79: 996 | L79: 20.250156 | M79: 61.069981 | N79: 0.13124439 | O79: =HYPERLINK(".\sm_car_250407_2318\sm_car_250407_2318_078_Ca183TrN_MaLSS_ode23t.png","figure") -> figure | P79: Pass | T79: =K79-'2022a_250206_1736'!K79 -> -372 | U79: =T79/'2022a_250206_1736'!K79 -> -0.27192982 | V79: =L79-'2022a_250206_1736'!L79 -> -14.758366 | W79: =V79/'2022a_250206_1736'!L79 -> -0.42156495
A80: 79 | B80: 218 | C80: Achilles | D80: dwpush | E80: MFMbody | F80: steady | G80: f1Dr1D | H80: None | I80: WOT Braking | J80: ode23t | K80: 687 | L80: 8.6511578 | M80: 293.64035 | N80: -9.1799276e-05 | O80: =HYPERLINK(".\sm_car_250407_2318\sm_car_250407_2318_079_Ca218TrN_MaWOT_ode23t.png","figure") -> figure | P80: Pass
A81: 80 | B81: 218 | C81: Achilles | D81: dwpush | E81: MFMbody | F81: steady | G81: f1Dr1D | H81: None | I81: Low Speed Steer | J81: ode23t | K81: 805 | L81: 8.0696669 | M81: 103.5454 | N81: -0.16134081 | O81: =HYPERLINK(".\sm_car_250407_2318\sm_car_250407_2318_080_Ca218TrN_MaLSS_ode23t.png","figure") -> figure | P81: Pass
A82: 81 | B82: 219 | C82: HambaLG | D82: dwbAU | E82: MFMbody | F82: steady | G82: fCVpCVr1D | H82: None | I82: WOT Braking | J82: ode23t | K82: 397 | L82: 6.8609183 | M82: 229.54429 | N82: 0.1687595 | O82: =HYPERLINK(".\sm_car_250407_2318\sm_car_250407_2318_081_Ca219TrN_MaWOT_ode23t.png","figure") -> figure | P82: Pass
A83: 82 | B83: 219 | C83: HambaLG | D83: dwbAU | E83: MFMbody | F83: steady | G83: fCVpCVr1D | H83: None | I83: Low Speed Steer | J83: ode23t | K83: 523 | L83: 8.1260683 | M83: 70.790049 | N83: -0.56064489 | O83: =HYPERLINK(".\sm_car_250407_2318\sm_car_250407_2318_082_Ca219TrN_MaLSS_ode23t.png","figure") -> figure | P83: Pass
A84: 83 | B84: 220 | C84: HambaLG | D84: dwbAU | E84: MFMbody | F84: bushings | G84: fCVpCVr1D | H84: None | I84: WOT Braking | J84: ode23t | K84: 929 | L84: 32.232591 | M84: 223.97027 | N84: -1.2140992 | O84: =HYPERLINK(".\sm_car_250407_2318\sm_car_250407_2318_083_Ca220TrN_MaWOT_ode23t.png","figure") -> figure | P84: Pass
A85: 84 | B85: 220 | C85: HambaLG | D85: dwbAU | E85: MFMbody | F85: bushings | G85: fCVpCVr1D | H85: None | I85: Low Speed Steer | J85: ode23t | K85: 1098 | L85: 35.844383 | M85: 69.478842 | N85: -1.5018983 | O85: =HYPERLINK(".\sm_car_250407_2318\sm_car_250407_2318_084_Ca220TrN_MaLSS_ode23t.png","figure") -> figure | P85: Pass
A86: 85 | B86: 8 | C86: HambaLG | D86: dwb | E86: MFSwift | F86: steady | G86: f1Dr1D | H86: None | I86: WOT Braking | J86: ode23t | K86: 385 | L86: 10.472248 | M86: 231.36015 | N86: -0.0046585454 | O86: =HYPERLINK(".\sm_car_250407_2318\sm_car_250407_2318_085_Ca008TrN_MaWOT_ode23t_1.png","figure") -> figure | P86: Pass | T86: =K86-'2022a_250206_1736'!K80 -> 10 | U86: =T86/'2022a_250206_1736'!K80 -> 0.026666667 | V86: =L86-'2022a_250206_1736'!L80 -> 0.6269184 | W86: =V86/'2022a_250206_1736'!L80 -> 0.063676729
A87: 86 | B87: 8 | C87: HambaLG | D87: dwb | E87: MFSwift | F87: steady | G87: f1Dr1D | H87: None | I87: Low Speed Steer | J87: ode23t | K87: 554 | L87: 12.751798 | M87: 71.25763 | N87: -0.53955684 | O87: =HYPERLINK(".\sm_car_250407_2318\sm_car_250407_2318_086_Ca008TrN_MaLSS_ode23t_1.png","figure") -> figure | P87: Pass | T87: =K87-'2022a_250206_1736'!K81 -> 7 | U87: =T87/'2022a_250206_1736'!K81 -> 0.012797075 | V87: =L87-'2022a_250206_1736'!L81 -> 0.2193305 | W87: =V87/'2022a_250206_1736'!L81 -> 0.017500983
A88: 87 | B88: 9 | C88: HambaLG | D88: dwb | E88: MFSwift | F88: steady | G88: f1D3Dr1D | H88: None | I88: WOT Braking | J88: ode23t | K88: 382 | L88: 11.825895 | M88: 230.33869 | N88: -0.012107781 | O88: =HYPERLINK(".\sm_car_250407_2318\sm_car_250407_2318_087_Ca009TrN_MaWOT_ode23t_1.png","figure") -> figure | P88: Pass | T88: =K88-'2022a_250206_1736'!K82 -> -10 | U88: =T88/'2022a_250206_1736'!K82 -> -0.025510204 | V88: =L88-'2022a_250206_1736'!L82 -> 0.005021 | W88: =V88/'2022a_250206_1736'!L82 -> 0.00042475707
A89: 88 | B89: 9 | C89: HambaLG | D89: dwb | E89: MFSwift | F89: steady | G89: f1D3Dr1D | H89: None | I89: Low Speed Steer | J89: ode23t | K89: 548 | L89: 14.66712 | M89: 70.965177 | N89: -0.53270421 | O89: =HYPERLINK(".\sm_car_250407_2318\sm_car_250407_2318_088_Ca009TrN_MaLSS_ode23t_1.png","figure") -> figure | P89: Pass | T89: =K89-'2022a_250206_1736'!K83 -> -14 | U89: =T89/'2022a_250206_1736'!K83 -> -0.024911032 | V89: =L89-'2022a_250206_1736'!L83 -> -0.1108534 | W89: =V89/'2022a_250206_1736'!L83 -> -0.0075012584
A90: 89 | B90: 10 | C90: HambaLG | D90: dwb | E90: MFSwift | F90: steady | G90: fCVpCVr1D | H90: None | I90: WOT Braking | J90: ode23t | K90: 425 | L90: 14.218426 | M90: 230.41889 | N90: 0.04963206 | O90: =HYPERLINK(".\sm_car_250407_2318\sm_car_250407_2318_089_Ca010TrN_MaWOT_ode23t_1.png","figure") -> figure | P90: Pass | T90: =K90-'2022a_250206_1736'!K84 -> 33 | U90: =T90/'2022a_250206_1736'!K84 -> 0.084183673 | V90: =L90-'2022a_250206_1736'!L84 -> 1.4485803 | W90: =V90/'2022a_250206_1736'!L84 -> 0.11343757
A91: 90 | B91: 10 | C91: HambaLG | D91: dwb | E91: MFSwift | F91: steady | G91: fCVpCVr1D | H91: None | I91: Low Speed Steer | J91: ode23t | K91: 551 | L91: 16.439194 | M91: 70.977437 | N91: -0.52919073 | O91: =HYPERLINK(".\sm_car_250407_2318\sm_car_250407_2318_090_Ca010TrN_MaLSS_ode23t_1.png","figure") -> figure | P91: Pass | T91: =K91-'2022a_250206_1736'!K85 -> 5 | U91: =T91/'2022a_250206_1736'!K85 -> 0.0091575092 | V91: =L91-'2022a_250206_1736'!L85 -> 0.3141659 | W91: =V91/'2022a_250206_1736'!L85 -> 0.019483123
A92: 91 | B92: 11 | C92: HambaLG | D92: dwb | E92: MFSwift | F92: steady | G92: fCVpCVflexr1D | H92: None | I92: WOT Braking | J92: ode23t | K92: 444 | L92: 14.341173 | M92: 229.86391 | N92: 0.057272038 | O92: =HYPERLINK(".\sm_car_250407_2318\sm_car_250407_2318_091_Ca011TrN_MaWOT_ode23t_1.png","figure") -> figure | P92: Pass | T92: =K92-'2022a_250206_1736'!K86 -> 21 | U92: =T92/'2022a_250206_1736'!K86 -> 0.04964539 | V92: =L92-'2022a_250206_1736'!L86 -> -0.5533758 | W92: =V92/'2022a_250206_1736'!L86 -> -0.037152908
A93: 92 | B93: 11 | C93: HambaLG | D93: dwb | E93: MFSwift | F93: steady | G93: fCVpCVflexr1D | H93: None | I93: Low Speed Steer | J93: ode23t | K93: 587 | L93: 17.157656 | M93: 70.838049 | N93: -0.52653213 | O93: =HYPERLINK(".\sm_car_250407_2318\sm_car_250407_2318_092_Ca011TrN_MaLSS_ode23t_1.png","figure") -> figure | P93: Pass | T93: =K93-'2022a_250206_1736'!K87 -> 27 | U93: =T93/'2022a_250206_1736'!K87 -> 0.048214286 | V93: =L93-'2022a_250206_1736'!L87 -> -0.3308801 | W93: =V93/'2022a_250206_1736'!L87 -> -0.018919829
A94: 93 | B94: 12 | C94: HambaLG | D94: dwb | E94: MFSwift | F94: lintra | G94: f1Dr1D | H94: None | I94: WOT Braking | J94: ode23t | K94: 837 | L94: 11.252353 | M94: 231.18598 | N94: -0.0035116877 | O94: =HYPERLINK(".\sm_car_250407_2318\sm_car_250407_2318_093_Ca012TrN_MaWOT_ode23t_1.png","figure") -> figure | P94: Pass | T94: =K94-'2022a_250206_1736'!K88 -> 4 | U94: =T94/'2022a_250206_1736'!K88 -> 0.0048019208 | V94: =L94-'2022a_250206_1736'!L88 -> 0.0605259 | W94: =V94/'2022a_250206_1736'!L88 -> 0.0054080445
A95: 94 | B95: 12 | C95: HambaLG | D95: dwb | E95: MFSwift | F95: lintra | G95: f1Dr1D | H95: None | I95: Low Speed Steer | J95: ode23t | K95: 980 | L95: 12.686968 | M95: 71.260563 | N95: -0.5432734 | O95: =HYPERLINK(".\sm_car_250407_2318\sm_car_250407_2318_094_Ca012TrN_MaLSS_ode23t_1.png","figure") -> figure | P95: Pass | T95: =K95-'2022a_250206_1736'!K89 -> -9 | U95: =T95/'2022a_250206_1736'!K89 -> -0.0091001011 | V95: =L95-'2022a_250206_1736'!L89 -> -0.7435368 | W95: =V95/'2022a_250206_1736'!L89 -> -0.05536179
A96: 95 | B96: 13 | C96: HambaLG | D96: dwb | E96: MFSwift | F96: lintra | G96: f1D3Dr1D | H96: None | I96: WOT Braking | J96: ode23t | K96: 859 | L96: 13.466072 | M96: 230.35824 | N96: -0.011586796 | O96: =HYPERLINK(".\sm_car_250407_2318\sm_car_250407_2318_095_Ca013TrN_MaWOT_ode23t_1.png","figure") -> figure | P96: Pass | T96: =K96-'2022a_250206_1736'!K90 -> 11 | U96: =T96/'2022a_250206_1736'!K90 -> 0.012971698 | V96: =L96-'2022a_250206_1736'!L90 -> 0.7083177 | W96: =V96/'2022a_250206_1736'!L90 -> 0.055520563
A97: 96 | B97: 13 | C97: HambaLG | D97: dwb | E97: MFSwift | F97: lintra | G97: f1D3Dr1D | H97: None | I97: Low Speed Steer | J97: ode23t | K97: 1014 | L97: 15.811638 | M97: 70.95973 | N97: -0.53935586 | O97: =HYPERLINK(".\sm_car_250407_2318\sm_car_250407_2318_096_Ca013TrN_MaLSS_ode23t_1.png","figure") -> figure | P97: Pass | T97: =K97-'2022a_250206_1736'!K91 -> 5 | U97: =T97/'2022a_250206_1736'!K91 -> 0.0049554014 | V97: =L97-'2022a_250206_1736'!L91 -> -0.8815306 | W97: =V97/'2022a_250206_1736'!L91 -> -0.052807864
A98: 97 | B98: 14 | C98: HambaLG | D98: dwb | E98: MFSwift | F98: lintra | G98: fCVpCVr1D | H98: None | I98: WOT Braking | J98: ode23t | K98: 891 | L98: 12.903637 | M98: 230.3781 | N98: 0.054110449 | O98: =HYPERLINK(".\sm_car_250407_2318\sm_car_250407_2318_097_Ca014TrN_MaWOT_ode23t_1.png","figure") -> figure | P98: Pass | T98: =K98-'2022a_250206_1736'!K92 -> -8 | U98: =T98/'2022a_250206_1736'!K92 -> -0.0088987764 | V98: =L98-'2022a_250206_1736'!L92 -> -0.8449052 | W98: =V98/'2022a_250206_1736'!L92 -> -0.061454165
A99: 98 | B99: 14 | C99: HambaLG | D99: dwb | E99: MFSwift | F99: lintra | G99: fCVpCVr1D | H99: None | I99: Low Speed Steer | J99: ode23t | K99: 1015 | L99: 15.162997 | M99: 70.97121 | N99: -0.53402143 | O99: =HYPERLINK(".\sm_car_250407_2318\sm_car_250407_2318_098_Ca014TrN_MaLSS_ode23t_1.png","figure") -> figure | P99: Pass | T99: =K99-'2022a_250206_1736'!K93 -> 4 | U99: =T99/'2022a_250206_1736'!K93 -> 0.0039564787 | V99: =L99-'2022a_250206_1736'!L93 -> -0.3754033 | W99: =V99/'2022a_250206_1736'!L93 -> -0.024159714
A100: 99 | B100: 15 | C100: HambaLG | D100: dwb | E100: MFSwift | F100: lintra | G100: fCVpCVflexr1D | H100: None | I100: WOT Braking | J100: ode23t | K100: 898 | L100: 14.590403 | M100: 229.71656 | N100: 0.052712327 | O100: =HYPERLINK(".\sm_car_250407_2318\sm_car_250407_2318_099_Ca015TrN_MaWOT_ode23t_1.png","figure") -> figure | P100: Pass | T100: =K100-'2022a_250206_1736'!K94 -> 17 | U100: =T100/'2022a_250206_1736'!K94 -> 0.019296254 | V100: =L100-'2022a_250206_1736'!L94 -> 0.7988687 | W100: =V100/'2022a_250206_1736'!L94 -> 0.057924569
...

Sheet 2022a_250414_0011
A1: Run | B1: Preset | C1: Body | D1: SuspF | E1: Tire | F1: TirDyn | G1: Drv | H1: Trail | I1: Mane | J1: Solv | K1: # Steps | L1: Time | M1: xFinal | N1: yFinal | O1: Figure | P1: Pass | R1: 14-Apr-2025 02:44:19
A2: 1 | B2: 0 | C2: HambaLG | D2: dwb | E2: MFEval | F2: steady | G2: f1Dr1D | H2: None | I2: WOT Braking | J2: ode23t | K2: 419 | L2: 7.7041647 | M2: 231.16978 | N2: -0.0042167209 | O2: =HYPERLINK(".\sm_car_250414_0011\sm_car_250414_0011_001_Ca000TrN_MaWOT_ode23t.png","figure") -> figure | P2: Pass | R2: MATHWORKS-OL1OH
A3: 2 | B3: 0 | C3: HambaLG | D3: dwb | E3: MFEval | F3: steady | G3: f1Dr1D | H3: None | I3: Low Speed Steer | J3: ode23t | K3: 535 | L3: 8.3454214 | M3: 71.237682 | N3: -0.53746461 | O3: =HYPERLINK(".\sm_car_250414_0011\sm_car_250414_0011_002_Ca000TrN_MaLSS_ode23t.png","figure") -> figure | P3: Pass | R3: 9.12.0.2529717 (R2022a) Update 8
A4: 3 | B4: 1 | C4: HambaLG | D4: dwb | E4: MFEval | F4: steady | G4: f1D3Dr1D | H4: None | I4: WOT Braking | J4: ode23t | K4: 422 | L4: 7.7448055 | M4: 230.37135 | N4: -0.010327302 | O4: =HYPERLINK(".\sm_car_250414_0011\sm_car_250414_0011_003_Ca001TrN_MaWOT_ode23t.png","figure") -> figure | P4: Pass | R4: MF-Swift Version: 2306
A5: 4 | B5: 1 | C5: HambaLG | D5: dwb | E5: MFEval | F5: steady | G5: f1D3Dr1D | H5: None | I5: Low Speed Steer | J5: ode23t | K5: 519 | L5: 8.6097983 | M5: 70.957359 | N5: -0.53535025 | O5: =HYPERLINK(".\sm_car_250414_0011\sm_car_250414_0011_004_Ca001TrN_MaLSS_ode23t.png","figure") -> figure | P5: Pass | R5: R22asrc v4p0 Excel Presets
A6: 5 | B6: 2 | C6: HambaLG | D6: dwb | E6: MFEval | F6: steady | G6: fCVpCVr1D | H6: None | I6: WOT Braking | J6: ode23t | K6: 450 | L6: 12.274566 | M6: 230.4117 | N6: 0.045171535 | O6: =HYPERLINK(".\sm_car_250414_0011\sm_car_250414_0011_005_Ca002TrN_MaWOT_ode23t.png","figure") -> figure | P6: Pass
A7: 6 | B7: 2 | C7: HambaLG | D7: dwb | E7: MFEval | F7: steady | G7: fCVpCVr1D | H7: None | I7: Low Speed Steer | J7: ode23t | K7: 539 | L7: 11.690374 | M7: 70.95575 | N7: -0.52983924 | O7: =HYPERLINK(".\sm_car_250414_0011\sm_car_250414_0011_006_Ca002TrN_MaLSS_ode23t.png","figure") -> figure | P7: Pass
A8: 7 | B8: 3 | C8: HambaLG | D8: dwb | E8: MFEval | F8: steady | G8: fCVpCVflexr1D | H8: None | I8: WOT Braking | J8: ode23t | K8: 492 | L8: 14.284985 | M8: 229.92983 | N8: 0.051963578 | O8: =HYPERLINK(".\sm_car_250414_0011\sm_car_250414_0011_007_Ca003TrN_MaWOT_ode23t.png","figure") -> figure | P8: Pass
A9: 8 | B9: 3 | C9: HambaLG | D9: dwb | E9: MFEval | F9: steady | G9: fCVpCVflexr1D | H9: None | I9: Low Speed Steer | J9: ode23t | K9: 563 | L9: 12.307639 | M9: 70.832837 | N9: -0.52854358 | O9: =HYPERLINK(".\sm_car_250414_0011\sm_car_250414_0011_008_Ca003TrN_MaLSS_ode23t.png","figure") -> figure | P9: Pass
A10: 9 | B10: 4 | C10: HambaLG | D10: dwb | E10: MFEval | F10: lintra | G10: f1Dr1D | H10: None | I10: WOT Braking | J10: ode23t | K10: 1083 | L10: 11.472076 | M10: 231.36499 | N10: -0.0056787031 | O10: =HYPERLINK(".\sm_car_250414_0011\sm_car_250414_0011_009_Ca004TrN_MaWOT_ode23t.png","figure") -> figure | P10: Pass
A11: 10 | B11: 4 | C11: HambaLG | D11: dwb | E11: MFEval | F11: lintra | G11: f1Dr1D | H11: None | I11: Low Speed Steer | J11: ode23t | K11: 1204 | L11: 13.481597 | M11: 71.25104 | N11: -0.5401557 | O11: =HYPERLINK(".\sm_car_250414_0011\sm_car_250414_0011_010_Ca004TrN_MaLSS_ode23t.png","figure") -> figure | P11: Pass
A12: 11 | B12: 5 | C12: HambaLG | D12: dwb | E12: MFEval | F12: lintra | G12: f1D3Dr1D | H12: None | I12: WOT Braking | J12: ode23t | K12: 1114 | L12: 13.334158 | M12: 230.37145 | N12: -0.01174034 | O12: =HYPERLINK(".\sm_car_250414_0011\sm_car_250414_0011_011_Ca005TrN_MaWOT_ode23t.png","figure") -> figure | P12: Pass
A13: 12 | B13: 5 | C13: HambaLG | D13: dwb | E13: MFEval | F13: lintra | G13: f1D3Dr1D | H13: None | I13: Low Speed Steer | J13: ode23t | K13: 1231 | L13: 14.740698 | M13: 70.973896 | N13: -0.53888735 | O13: =HYPERLINK(".\sm_car_250414_0011\sm_car_250414_0011_012_Ca005TrN_MaLSS_ode23t.png","figure") -> figure | P13: Pass
A14: 13 | B14: 6 | C14: HambaLG | D14: dwb | E14: MFEval | F14: lintra | G14: fCVpCVr1D | H14: None | I14: WOT Braking | J14: ode23t | K14: 1201 | L14: 16.677299 | M14: 230.37185 | N14: 0.048645333 | O14: =HYPERLINK(".\sm_car_250414_0011\sm_car_250414_0011_013_Ca006TrN_MaWOT_ode23t.png","figure") -> figure | P14: Pass
A15: 14 | B15: 6 | C15: HambaLG | D15: dwb | E15: MFEval | F15: lintra | G15: fCVpCVr1D | H15: None | I15: Low Speed Steer | J15: ode23t | K15: 1276 | L15: 16.049519 | M15: 70.95992 | N15: -0.53298054 | O15: =HYPERLINK(".\sm_car_250414_0011\sm_car_250414_0011_014_Ca006TrN_MaLSS_ode23t.png","figure") -> figure | P15: Pass
A16: 15 | B16: 7 | C16: HambaLG | D16: dwb | E16: MFEval | F16: lintra | G16: fCVpCVflexr1D | H16: None | I16: WOT Braking | J16: ode23t | K16: 1199 | L16: 21.206616 | M16: 229.86932 | N16: 0.054916401 | O16: =HYPERLINK(".\sm_car_250414_0011\sm_car_250414_0011_015_Ca007TrN_MaWOT_ode23t.png","figure") -> figure | P16: Pass
A17: 16 | B17: 7 | C17: HambaLG | D17: dwb | E17: MFEval | F17: lintra | G17: fCVpCVflexr1D | H17: None | I17: Low Speed Steer | J17: ode23t | K17: 1288 | L17: 19.105194 | M17: 70.831317 | N17: -0.53028788 | O17: =HYPERLINK(".\sm_car_250414_0011\sm_car_250414_0011_016_Ca007TrN_MaLSS_ode23t.png","figure") -> figure | P17: Pass
A18: 17 | B18: 16 | C18: HambaLG | D18: dwa | E18: MFEval | F18: steady | G18: f1Dr1D | H18: None | I18: WOT Braking | J18: ode23t | K18: 410 | L18: 5.8149413 | M18: 231.9547 | N18: -0.07180517 | O18: =HYPERLINK(".\sm_car_250414_0011\sm_car_250414_0011_017_Ca016TrN_MaWOT_ode23t.png","figure") -> figure | P18: Pass
A19: 18 | B19: 16 | C19: HambaLG | D19: dwa | E19: MFEval | F19: steady | G19: f1Dr1D | H19: None | I19: Low Speed Steer | J19: ode23t | K19: 487 | L19: 6.3880235 | M19: 71.519095 | N19: -0.021563941 | O19: =HYPERLINK(".\sm_car_250414_0011\sm_car_250414_0011_018_Ca016TrN_MaLSS_ode23t.png","figure") -> figure | P19: Pass
A20: 19 | B20: 32 | C20: HambaLG | D20: S2LAF | E20: MFEval | F20: steady | G20: f1Dr1D | H20: None | I20: WOT Braking | J20: ode23t | K20: 396 | L20: 7.2479873 | M20: 231.36824 | N20: 0.008704882 | O20: =HYPERLINK(".\sm_car_250414_0011\sm_car_250414_0011_019_Ca032TrN_MaWOT_ode23t.png","figure") -> figure | P20: Pass
A21: 20 | B21: 32 | C21: HambaLG | D21: S2LAF | E21: MFEval | F21: steady | G21: f1Dr1D | H21: None | I21: Low Speed Steer | J21: ode23t | K21: 519 | L21: 8.6368264 | M21: 71.259134 | N21: -0.52291335 | O21: =HYPERLINK(".\sm_car_250414_0011\sm_car_250414_0011_020_Ca032TrN_MaLSS_ode23t.png","figure") -> figure | P21: Pass
A22: 21 | B22: 48 | C22: HambaLG | D22: S2LAR | E22: MFEval | F22: steady | G22: f1Dr1D | H22: None | I22: WOT Braking | J22: ode23t | K22: 408 | L22: 7.6818017 | M22: 231.3545 | N22: -0.017846833 | O22: =HYPERLINK(".\sm_car_250414_0011\sm_car_250414_0011_021_Ca048TrN_MaWOT_ode23t.png","figure") -> figure | P22: Pass
A23: 22 | B23: 48 | C23: HambaLG | D23: S2LAR | E23: MFEval | F23: steady | G23: f1Dr1D | H23: None | I23: Low Speed Steer | J23: ode23t | K23: 523 | L23: 8.511845 | M23: 71.243091 | N23: -0.52846715 | O23: =HYPERLINK(".\sm_car_250414_0011\sm_car_250414_0011_022_Ca048TrN_MaLSS_ode23t.png","figure") -> figure | P23: Pass
A24: 23 | B24: 64 | C24: HambaLG | D24: 5S2LAF | E24: MFEval | F24: steady | G24: f1Dr1D | H24: None | I24: WOT Braking | J24: ode23t | K24: 401 | L24: 8.348922 | M24: 231.39133 | N24: 0.010575312 | O24: =HYPERLINK(".\sm_car_250414_0011\sm_car_250414_0011_023_Ca064TrN_MaWOT_ode23t.png","figure") -> figure | P24: Pass
A25: 24 | B25: 64 | C25: HambaLG | D25: 5S2LAF | E25: MFEval | F25: steady | G25: f1Dr1D | H25: None | I25: Low Speed Steer | J25: ode23t | K25: 515 | L25: 8.3129183 | M25: 71.257169 | N25: -0.51773374 | O25: =HYPERLINK(".\sm_car_250414_0011\sm_car_250414_0011_024_Ca064TrN_MaLSS_ode23t.png","figure") -> figure | P25: Pass
A26: 25 | B26: 80 | C26: HambaLG | D26: 5S2LAR | E26: MFEval | F26: steady | G26: f1Dr1D | H26: None | I26: WOT Braking | J26: ode23t | K26: 409 | L26: 9.6200009 | M26: 230.92214 | N26: -0.018904178 | O26: =HYPERLINK(".\sm_car_250414_0011\sm_car_250414_0011_025_Ca080TrN_MaWOT_ode23t.png","figure") -> figure | P26: Pass
A27: 26 | B27: 80 | C27: HambaLG | D27: 5S2LAR | E27: MFEval | F27: steady | G27: f1Dr1D | H27: None | I27: Low Speed Steer | J27: ode23t | K27: 511 | L27: 8.7490858 | M27: 71.241627 | N27: -0.5275313 | O27: =HYPERLINK(".\sm_car_250414_0011\sm_car_250414_0011_026_Ca080TrN_MaLSS_ode23t.png","figure") -> figure | P27: Pass
A28: 27 | B28: 96 | C28: HambaLG | D28: 5CS2LAF | E28: MFEval | F28: steady | G28: f1Dr1D | H28: None | I28: WOT Braking | J28: ode23t | K28: 408 | L28: 6.6635282 | M28: 233.14095 | N28: 0.022170176 | O28: =HYPERLINK(".\sm_car_250414_0011\sm_car_250414_0011_027_Ca096TrN_MaWOT_ode23t.png","figure") -> figure | P28: Pass
A29: 28 | B29: 96 | C29: HambaLG | D29: 5CS2LAF | E29: MFEval | F29: steady | G29: f1Dr1D | H29: None | I29: Low Speed Steer | J29: ode23t | K29: 508 | L29: 7.2024586 | M29: 71.764371 | N29: -0.52600636 | O29: =HYPERLINK(".\sm_car_250414_0011\sm_car_250414_0011_028_Ca096TrN_MaLSS_ode23t.png","figure") -> figure | P29: Pass
A30: 29 | B30: 112 | C30: HambaLG | D30: 15DOF | E30: MFEval | F30: steady | G30: f1Dr1D | H30: None | I30: WOT Braking | J30: ode23t | K30: 371 | L30: 2.5229352 | M30: 242.67152 | N30: 0.23455913 | O30: =HYPERLINK(".\sm_car_250414_0011\sm_car_250414_0011_029_Ca112TrN_MaWOT_ode23t.png","figure") -> figure | P30: Pass
A31: 30 | B31: 112 | C31: HambaLG | D31: 15DOF | E31: MFEval | F31: steady | G31: f1Dr1D | H31: None | I31: Low Speed Steer | J31: ode23t | K31: 480 | L31: 2.9196023 | M31: 74.659634 | N31: -0.33798931 | O31: =HYPERLINK(".\sm_car_250414_0011\sm_car_250414_0011_030_Ca112TrN_MaLSS_ode23t.png","figure") -> figure | P31: Pass
A32: 31 | B32: 113 | C32: HambaLG | D32: 15DOF | E32: MFEval | F32: steady | G32: f1D3Dr1D | H32: None | I32: WOT Braking | J32: ode23t | K32: 366 | L32: 3.0112947 | M32: 241.4988 | N32: 0.22933556 | O32: =HYPERLINK(".\sm_car_250414_0011\sm_car_250414_0011_031_Ca113TrN_MaWOT_ode23t.png","figure") -> figure | P32: Pass
A33: 32 | B33: 113 | C33: HambaLG | D33: 15DOF | E33: MFEval | F33: steady | G33: f1D3Dr1D | H33: None | I33: Low Speed Steer | J33: ode23t | K33: 487 | L33: 3.4082035 | M33: 74.346228 | N33: -0.33396938 | O33: =HYPERLINK(".\sm_car_250414_0011\sm_car_250414_0011_032_Ca113TrN_MaLSS_ode23t.png","figure") -> figure | P33: Pass
A34: 33 | B34: 114 | C34: HambaLG | D34: 15DOF | E34: MFEval | F34: steady | G34: fCVpCVr1D | H34: None | I34: WOT Braking | J34: ode23t | K34: 382 | L34: 3.2424673 | M34: 241.61378 | N34: 0.23021245 | O34: =HYPERLINK(".\sm_car_250414_0011\sm_car_250414_0011_033_Ca114TrN_MaWOT_ode23t.png","figure") -> figure | P34: Pass
A35: 34 | B35: 114 | C35: HambaLG | D35: 15DOF | E35: MFEval | F35: steady | G35: fCVpCVr1D | H35: None | I35: Low Speed Steer | J35: ode23t | K35: 482 | L35: 3.5859629 | M35: 74.351409 | N35: -0.3342006 | O35: =HYPERLINK(".\sm_car_250414_0011\sm_car_250414_0011_034_Ca114TrN_MaLSS_ode23t.png","figure") -> figure | P35: Pass
A36: 35 | B36: 115 | C36: HambaLG | D36: 15DOF | E36: MFEval | F36: steady | G36: fCVpCVflexr1D | H36: None | I36: WOT Braking | J36: ode23t | K36: 394 | L36: 3.2821257 | M36: 241.17294 | N36: 0.22843005 | O36: =HYPERLINK(".\sm_car_250414_0011\sm_car_250414_0011_035_Ca115TrN_MaWOT_ode23t.png","figure") -> figure | P36: Pass
A37: 36 | B37: 115 | C37: HambaLG | D37: 15DOF | E37: MFEval | F37: steady | G37: fCVpCVflexr1D | H37: None | I37: Low Speed Steer | J37: ode23t | K37: 505 | L37: 3.5367205 | M37: 74.209226 | N37: -0.33168045 | O37: =HYPERLINK(".\sm_car_250414_0011\sm_car_250414_0011_036_Ca115TrN_MaLSS_ode23t.png","figure") -> figure | P37: Pass
A38: 37 | B38: 116 | C38: HambaLG | D38: 15DOF | E38: MFEval | F38: lintra | G38: f1Dr1D | H38: None | I38: WOT Braking | J38: ode23t | K38: 943 | L38: 4.5694796 | M38: 242.63119 | N38: 0.23279194 | O38: =HYPERLINK(".\sm_car_250414_0011\sm_car_250414_0011_037_Ca116TrN_MaWOT_ode23t.png","figure") -> figure | P38: Pass
A39: 38 | B39: 116 | C39: HambaLG | D39: 15DOF | E39: MFEval | F39: lintra | G39: f1Dr1D | H39: None | I39: Low Speed Steer | J39: ode23t | K39: 1060 | L39: 5.2145184 | M39: 74.660234 | N39: -0.34043153 | O39: =HYPERLINK(".\sm_car_250414_0011\sm_car_250414_0011_038_Ca116TrN_MaLSS_ode23t.png","figure") -> figure | P39: Pass
A40: 39 | B40: 117 | C40: HambaLG | D40: 15DOF | E40: MFEval | F40: lintra | G40: f1D3Dr1D | H40: None | I40: WOT Braking | J40: ode23t | K40: 951 | L40: 5.2324727 | M40: 241.56098 | N40: 0.2297138 | O40: =HYPERLINK(".\sm_car_250414_0011\sm_car_250414_0011_039_Ca117TrN_MaWOT_ode23t.png","figure") -> figure | P40: Pass
A41: 40 | B41: 117 | C41: HambaLG | D41: 15DOF | E41: MFEval | F41: lintra | G41: f1D3Dr1D | H41: None | I41: Low Speed Steer | J41: ode23t | K41: 1068 | L41: 5.5208548 | M41: 74.350658 | N41: -0.33660139 | O41: =HYPERLINK(".\sm_car_250414_0011\sm_car_250414_0011_040_Ca117TrN_MaLSS_ode23t.png","figure") -> figure | P41: Pass
A42: 41 | B42: 118 | C42: HambaLG | D42: 15DOF | E42: MFEval | F42: lintra | G42: fCVpCVr1D | H42: None | I42: WOT Braking | J42: ode23t | K42: 941 | L42: 5.1423714 | M42: 241.3683 | N42: 0.23049915 | O42: =HYPERLINK(".\sm_car_250414_0011\sm_car_250414_0011_041_Ca118TrN_MaWOT_ode23t.png","figure") -> figure | P42: Pass
A43: 42 | B43: 118 | C43: HambaLG | D43: 15DOF | E43: MFEval | F43: lintra | G43: fCVpCVr1D | H43: None | I43: Low Speed Steer | J43: ode23t | K43: 1055 | L43: 6.2199678 | M43: 74.351196 | N43: -0.3338755 | O43: =HYPERLINK(".\sm_car_250414_0011\sm_car_250414_0011_042_Ca118TrN_MaLSS_ode23t.png","figure") -> figure | P43: Pass
A44: 43 | B44: 119 | C44: HambaLG | D44: 15DOF | E44: MFEval | F44: lintra | G44: fCVpCVflexr1D | H44: None | I44: WOT Braking | J44: ode23t | K44: 964 | L44: 5.5783587 | M44: 241.11273 | N44: 0.22980107 | O44: =HYPERLINK(".\sm_car_250414_0011\sm_car_250414_0011_043_Ca119TrN_MaWOT_ode23t.png","figure") -> figure | P44: Pass
A45: 44 | B45: 119 | C45: HambaLG | D45: 15DOF | E45: MFEval | F45: lintra | G45: fCVpCVflexr1D | H45: None | I45: Low Speed Steer | J45: ode23t | K45: 1081 | L45: 6.1889881 | M45: 74.200881 | N45: -0.33242008 | O45: =HYPERLINK(".\sm_car_250414_0011\sm_car_250414_0011_044_Ca119TrN_MaLSS_ode23t.png","figure") -> figure | P45: Pass
A46: 45 | B46: 128 | C46: HambaLG | D46: dwb | E46: MFMbody | F46: steady | G46: oneShaft | H46: None | I46: WOT Braking | J46: ode23t | K46: 315 | L46: 6.1085506 | M46: 99.772003 | N46: -0.016269964 | O46: =HYPERLINK(".\sm_car_250414_0011\sm_car_250414_0011_045_Ca128TrN_MaWOT_ode23t.png","figure") -> figure | P46: Pass
A47: 46 | B47: 128 | C47: HambaLG | D47: dwb | E47: MFMbody | F47: steady | G47: oneShaft | H47: None | I47: Low Speed Steer | J47: ode23t | K47: 437 | L47: 7.4347869 | M47: 36.954451 | N47: -0.13129048 | O47: =HYPERLINK(".\sm_car_250414_0011\sm_car_250414_0011_046_Ca128TrN_MaLSS_ode23t.png","figure") -> figure | P47: Pass
A48: 47 | B48: 129 | C48: HambaLG | D48: dwb | E48: MFMbody | F48: steady | G48: fCVrCV | H48: None | I48: WOT Braking | J48: ode23t | K48: 341 | L48: 7.2538954 | M48: 229.40736 | N48: 0.057557031 | O48: =HYPERLINK(".\sm_car_250414_0011\sm_car_250414_0011_047_Ca129TrN_MaWOT_ode23t.png","figure") -> figure | P48: Pass
A49: 48 | B49: 129 | C49: HambaLG | D49: dwb | E49: MFMbody | F49: steady | G49: fCVrCV | H49: None | I49: Low Speed Steer | J49: ode23t | K49: 466 | L49: 8.886734 | M49: 70.694142 | N49: -0.51926163 | O49: =HYPERLINK(".\sm_car_250414_0011\sm_car_250414_0011_048_Ca129TrN_MaLSS_ode23t.png","figure") -> figure | P49: Pass
A50: 49 | B50: 130 | C50: HambaLG | D50: dwb | E50: MFEval | F50: steady | G50: 1D3DABS | H50: None | I50: WOT Braking | J50: ode23t | K50: 781 | L50: 21.924191 | M50: 217.21827 | N50: -1.5404692 | O50: =HYPERLINK(".\sm_car_250414_0011\sm_car_250414_0011_049_Ca130TrN_MaWOT_ode23t.png","figure") -> figure | P50: Pass
A51: 50 | B51: 130 | C51: HambaLG | D51: dwb | E51: MFEval | F51: steady | G51: 1D3DABS | H51: None | I51: Low Speed Steer | J51: ode23t | K51: 777 | L51: 22.207997 | M51: 68.778243 | N51: -0.54520782 | O51: =HYPERLINK(".\sm_car_250414_0011\sm_car_250414_0011_050_Ca130TrN_MaLSS_ode23t.png","figure") -> figure | P51: Pass
A52: 51 | B52: 131 | C52: HambaLG | D52: dwb | E52: MFMbody | F52: steady | G52: sprFnl | H52: None | I52: WOT Braking | J52: ode23t | K52: 356 | L52: 4.8979282 | M52: 230.34203 | N52: -0.043237587 | O52: =HYPERLINK(".\sm_car_250414_0011\sm_car_250414_0011_051_Ca131TrN_MaWOT_ode23t.png","figure") -> figure | P52: Pass
A53: 52 | B53: 131 | C53: HambaLG | D53: dwb | E53: MFMbody | F53: steady | G53: sprFnl | H53: None | I53: Low Speed Steer | J53: ode23t | K53: 494 | L53: 5.720224 | M53: 70.97461 | N53: -0.53714337 | O53: =HYPERLINK(".\sm_car_250414_0011\sm_car_250414_0011_052_Ca131TrN_MaLSS_ode23t.png","figure") -> figure | P53: Pass
A54: 53 | B54: 132 | C54: HambaLG | D54: dwb | E54: MFMbody | F54: steady | G54: sprconRnl | H54: None | I54: WOT Braking | J54: ode23t | K54: 361 | L54: 4.7642556 | M54: 230.37221 | N54: -0.0097266153 | O54: =HYPERLINK(".\sm_car_250414_0011\sm_car_250414_0011_053_Ca132TrN_MaWOT_ode23t.png","figure") -> figure | P54: Pass
A55: 54 | B55: 132 | C55: HambaLG | D55: dwb | E55: MFMbody | F55: steady | G55: sprconRnl | H55: None | I55: Low Speed Steer | J55: ode23t | K55: 480 | L55: 5.5018567 | M55: 70.963576 | N55: -0.53344427 | O55: =HYPERLINK(".\sm_car_250414_0011\sm_car_250414_0011_054_Ca132TrN_MaLSS_ode23t.png","figure") -> figure | P55: Pass
A56: 55 | B56: 133 | C56: HambaLG | D56: dwb | E56: MFMbody | F56: steady | G56: sprLin | H56: None | I56: WOT Braking | J56: ode23t | K56: 354 | L56: 4.6809555 | M56: 230.38905 | N56: -0.01210306 | O56: =HYPERLINK(".\sm_car_250414_0011\sm_car_250414_0011_055_Ca133TrN_MaWOT_ode23t.png","figure") -> figure | P56: Pass
A57: 56 | B57: 133 | C57: HambaLG | D57: dwb | E57: MFMbody | F57: steady | G57: sprLin | H57: None | I57: Low Speed Steer | J57: ode23t | K57: 509 | L57: 5.896255 | M57: 70.972245 | N57: -0.53397566 | O57: =HYPERLINK(".\sm_car_250414_0011\sm_car_250414_0011_056_Ca133TrN_MaLSS_ode23t.png","figure") -> figure | P57: Pass
A58: 57 | B58: 134 | C58: HambaLG | D58: dwb | E58: MFMbody | F58: steady | G58: daminRnl | H58: None | I58: WOT Braking | J58: ode23t | K58: 358 | L58: 4.9548531 | M58: 230.28433 | N58: -0.009910487 | O58: =HYPERLINK(".\sm_car_250414_0011\sm_car_250414_0011_057_Ca134TrN_MaWOT_ode23t.png","figure") -> figure | P58: Pass
A59: 58 | B59: 134 | C59: HambaLG | D59: dwb | E59: MFMbody | F59: steady | G59: daminRnl | H59: None | I59: Low Speed Steer | J59: ode23t | K59: 506 | L59: 5.5355219 | M59: 70.979614 | N59: -0.53280098 | O59: =HYPERLINK(".\sm_car_250414_0011\sm_car_250414_0011_058_Ca134TrN_MaLSS_ode23t.png","figure") -> figure | P59: Pass
A60: 59 | B60: 135 | C60: HambaLG | D60: dwb | E60: MFMbody | F60: steady | G60: damconFnl | H60: None | I60: WOT Braking | J60: ode23t | K60: 345 | L60: 4.9393554 | M60: 230.39865 | N60: -0.010479892 | O60: =HYPERLINK(".\sm_car_250414_0011\sm_car_250414_0011_059_Ca135TrN_MaWOT_ode23t.png","figure") -> figure | P60: Pass
A61: 60 | B61: 135 | C61: HambaLG | D61: dwb | E61: MFMbody | F61: steady | G61: damconFnl | H61: None | I61: Low Speed Steer | J61: ode23t | K61: 485 | L61: 5.6660868 | M61: 70.979787 | N61: -0.52442297 | O61: =HYPERLINK(".\sm_car_250414_0011\sm_car_250414_0011_060_Ca135TrN_MaLSS_ode23t.png","figure") -> figure | P61: Pass
A62: 61 | B62: 136 | C62: HambaLG | D62: dwb | E62: MFMbody | F62: steady | G62: CVCVp1D | H62: None | I62: WOT Braking | J62: ode23t | K62: 368 | L62: 5.7001113 | M62: 230.36694 | N62: 0.053631848 | O62: =HYPERLINK(".\sm_car_250414_0011\sm_car_250414_0011_061_Ca136TrN_MaWOT_ode23t.png","figure") -> figure | P62: Pass
A63: 62 | B63: 136 | C63: HambaLG | D63: dwb | E63: MFMbody | F63: steady | G63: CVCVp1D | H63: None | I63: Low Speed Steer | J63: ode23t | K63: 495 | L63: 6.9739064 | M63: 70.97147 | N63: -0.53019533 | O63: =HYPERLINK(".\sm_car_250414_0011\sm_car_250414_0011_062_Ca136TrN_MaLSS_ode23t.png","figure") -> figure | P63: Pass
A64: 63 | B64: 137 | C64: HambaLG | D64: dwb | E64: MFMbody | F64: steady | G64: f1Dr1D | H64: None | I64: WOT Braking | J64: ode23t | K64: 330 | L64: 4.1764042 | M64: 231.37619 | N64: 0.13995991 | O64: =HYPERLINK(".\sm_car_250414_0011\sm_car_250414_0011_063_Ca137TrN_MaWOT_ode23t.png","figure") -> figure | P64: Pass
A65: 64 | B65: 137 | C65: HambaLG | D65: dwb | E65: MFMbody | F65: steady | G65: f1Dr1D | H65: None | I65: Low Speed Steer | J65: ode23t | K65: 470 | L65: 4.6853315 | M65: 71.242988 | N65: -0.51191002 | O65: =HYPERLINK(".\sm_car_250414_0011\sm_car_250414_0011_064_Ca137TrN_MaLSS_ode23t.png","figure") -> figure | P65: Pass
A66: 65 | B66: 138 | C66: HambaLG | D66: dwb | E66: MFMbody | F66: steady | G66: f1Dr1D | H66: None | I66: WOT Braking | J66: ode23t | K66: 325 | L66: 5.7484108 | M66: 231.3463 | N66: 0.14575438 | O66: =HYPERLINK(".\sm_car_250414_0011\sm_car_250414_0011_065_Ca138TrN_MaWOT_ode23t.png","figure") -> figure | P66: Pass
A67: 66 | B67: 138 | C67: HambaLG | D67: dwb | E67: MFMbody | F67: steady | G67: f1Dr1D | H67: None | I67: Low Speed Steer | J67: ode23t | K67: 493 | L67: 6.7241506 | M67: 71.135576 | N67: -0.82740227 | O67: =HYPERLINK(".\sm_car_250414_0011\sm_car_250414_0011_066_Ca138TrN_MaLSS_ode23t.png","figure") -> figure | P67: Pass
A68: 67 | B68: 139 | C68: Hamba | D68: dwb | E68: MFEval | F68: steady | G68: fCVpCVr1D | H68: None | I68: WOT Braking | J68: ode23t | K68: 703 | L68: 29.035218 | M68: 405.21355 | N68: 1.8121906 | O68: =HYPERLINK(".\sm_car_250414_0011\sm_car_250414_0011_067_Ca139TrN_MaWOT_ode23t.png","figure") -> figure | P68: Pass
A69: 68 | B69: 139 | C69: Hamba | D69: dwb | E69: MFEval | F69: steady | G69: fCVpCVr1D | H69: None | I69: Low Speed Steer | J69: ode23t | K69: 617 | L69: 15.897884 | M69: 154.35855 | N69: -0.58119427 | O69: =HYPERLINK(".\sm_car_250414_0011\sm_car_250414_0011_068_Ca139TrN_MaLSS_ode23t.png","figure") -> figure | P69: Pass
A70: 69 | B70: 141 | C70: Hamba | D70: dwb | E70: MFEval | F70: lintra | G70: fCVpCVr1D | H70: None | I70: WOT Braking | J70: ode23t | K70: 2040 | L70: 40.642435 | M70: 405.3272 | N70: 1.6302579 | O70: =HYPERLINK(".\sm_car_250414_0011\sm_car_250414_0011_069_Ca141TrN_MaWOT_ode23t.png","figure") -> figure | P70: Pass
A71: 70 | B71: 141 | C71: Hamba | D71: dwb | E71: MFEval | F71: lintra | G71: fCVpCVr1D | H71: None | I71: Low Speed Steer | J71: ode23t | K71: 1875 | L71: 28.349609 | M71: 154.41615 | N71: -0.58218305 | O71: =HYPERLINK(".\sm_car_250414_0011\sm_car_250414_0011_070_Ca141TrN_MaLSS_ode23t.png","figure") -> figure | P71: Pass
A72: 71 | B72: 143 | C72: Makhulu | D72: dwb | E72: MFEval2x | F72: steady | G72: fCVpCVr1D | H72: None | I72: WOT Braking | J72: ode23t | K72: 364 | L72: 22.419907 | M72: 95.847578 | N72: -0.032261635 | O72: =HYPERLINK(".\sm_car_250414_0011\sm_car_250414_0011_071_Ca143TrN_MaWOT_ode23t.png","figure") -> figure | P72: Pass
A73: 72 | B73: 143 | C73: Makhulu | D73: dwb | E73: MFEval2x | F73: steady | G73: fCVpCVr1D | H73: None | I73: Low Speed Steer | J73: ode23t | K73: 464 | L73: 23.567712 | M73: 25.01489 | N73: -0.052881968 | O73: =HYPERLINK(".\sm_car_250414_0011\sm_car_250414_0011_072_Ca143TrN_MaLSS_ode23t.png","figure") -> figure | P73: Pass
A74: 73 | B74: 144 | C74: Makhulu | D74: dwb | E74: MFEval | F74: steady | G74: fCVpCVr1D | H74: None | I74: WOT Braking | J74: ode23t | K74: 334 | L74: 16.896994 | M74: 114.0353 | N74: 0.53162845 | O74: =HYPERLINK(".\sm_car_250414_0011\sm_car_250414_0011_073_Ca144TrN_MaWOT_ode23t.png","figure") -> figure | P74: Pass
A75: 74 | B75: 144 | C75: Makhulu | D75: dwb | E75: MFEval | F75: steady | G75: fCVpCVr1D | H75: None | I75: Low Speed Steer | J75: ode23t | K75: 459 | L75: 16.895858 | M75: 35.601728 | N75: -0.032699139 | O75: =HYPERLINK(".\sm_car_250414_0011\sm_car_250414_0011_074_Ca144TrN_MaLSS_ode23t.png","figure") -> figure | P75: Pass
A76: 75 | B76: 147 | C76: Hamba | D76: dwb | E76: CFL | F76: steady | G76: fCVpCVr1D | H76: None | I76: WOT Braking | J76: ode23t | K76: 2324 | L76: 29.462596 | M76: 399.71398 | N76: -15.916424 | O76: =HYPERLINK(".\sm_car_250414_0011\sm_car_250414_0011_075_Ca147TrN_MaWOT_ode23t.png","figure") -> figure | P76: Pass
A77: 76 | B77: 147 | C77: Hamba | D77: dwb | E77: CFL | F77: steady | G77: fCVpCVr1D | H77: None | I77: Low Speed Steer | J77: ode23t | K77: 1320 | L77: 18.39951 | M77: 151.92534 | N77: -2.4176282 | O77: =HYPERLINK(".\sm_car_250414_0011\sm_car_250414_0011_076_Ca147TrN_MaLSS_ode23t.png","figure") -> figure | P77: Pass
A78: 77 | B78: 215 | C78: Achilles | D78: dwpull | E78: MFMbody | F78: 4MotorCool | G78: f1Dr1D | H78: None | I78: WOT Braking | J78: ode23t | K78: 312 | L78: 8.5962906 | M78: 229.67542 | N78: 0.005598089 | O78: =HYPERLINK(".\sm_car_250414_0011\sm_car_250414_0011_077_Ca215TrN_MaWOT_ode23t.png","figure") -> figure | P78: Pass
A79: 78 | B79: 215 | C79: Achilles | D79: dwpull | E79: MFMbody | F79: 4MotorCool | G79: f1Dr1D | H79: None | I79: Low Speed Steer | J79: ode23t | K79: 471 | L79: 8.7135582 | M79: 81.268282 | N79: -0.22189443 | O79: =HYPERLINK(".\sm_car_250414_0011\sm_car_250414_0011_078_Ca215TrN_MaLSS_ode23t.png","figure") -> figure | P79: Pass
A80: 79 | B80: 218 | C80: HambaLG | D80: MacPh | E80: MFMbody | F80: steady | G80: fCVpCVr1D | H80: None | I80: WOT Braking | J80: ode23t | K80: 354 | L80: 4.2247695 | M80: 230.34171 | N80: 0.16866691 | O80: =HYPERLINK(".\sm_car_250414_0011\sm_car_250414_0011_079_Ca218TrN_MaWOT_ode23t.png","figure") -> figure | P80: Pass
A81: 80 | B81: 218 | C81: HambaLG | D81: MacPh | E81: MFMbody | F81: steady | G81: fCVpCVr1D | H81: None | I81: Low Speed Steer | J81: ode23t | K81: 493 | L81: 5.3496821 | M81: 70.956743 | N81: -0.53589214 | O81: =HYPERLINK(".\sm_car_250414_0011\sm_car_250414_0011_080_Ca218TrN_MaLSS_ode23t.png","figure") -> figure | P81: Pass
A82: 81 | B82: 219 | C82: HambaLG | D82: dwbAU | E82: MFMbody | F82: steady | G82: fCVpCVr1D | H82: None | I82: WOT Braking | J82: ode23t | K82: 397 | L82: 6.7357465 | M82: 229.54429 | N82: 0.1687595 | O82: =HYPERLINK(".\sm_car_250414_0011\sm_car_250414_0011_081_Ca219TrN_MaWOT_ode23t.png","figure") -> figure | P82: Pass
A83: 82 | B83: 219 | C83: HambaLG | D83: dwbAU | E83: MFMbody | F83: steady | G83: fCVpCVr1D | H83: None | I83: Low Speed Steer | J83: ode23t | K83: 523 | L83: 8.1902293 | M83: 70.790049 | N83: -0.56064489 | O83: =HYPERLINK(".\sm_car_250414_0011\sm_car_250414_0011_082_Ca219TrN_MaLSS_ode23t.png","figure") -> figure | P83: Pass
A84: 83 | B84: 220 | C84: HambaLG | D84: dwbAU | E84: MFMbody | F84: bushings | G84: fCVpCVr1D | H84: None | I84: WOT Braking | J84: ode23t | K84: 929 | L84: 31.856332 | M84: 223.97027 | N84: -1.2140992 | O84: =HYPERLINK(".\sm_car_250414_0011\sm_car_250414_0011_083_Ca220TrN_MaWOT_ode23t.png","figure") -> figure | P84: Pass
A85: 84 | B85: 220 | C85: HambaLG | D85: dwbAU | E85: MFMbody | F85: bushings | G85: fCVpCVr1D | H85: None | I85: Low Speed Steer | J85: ode23t | K85: 1098 | L85: 36.031071 | M85: 69.478842 | N85: -1.5018983 | O85: =HYPERLINK(".\sm_car_250414_0011\sm_car_250414_0011_084_Ca220TrN_MaLSS_ode23t.png","figure") -> figure | P85: Pass
A86: 85 | B86: 223 | C86: Achilles | D86: dwpush | E86: MFMbody | F86: steady | G86: f1Dr1D | H86: None | I86: WOT Braking | J86: ode23t | K86: 640 | L86: 7.3983061 | M86: 293.6627 | N86: 9.6574283e-05 | O86: =HYPERLINK(".\sm_car_250414_0011\sm_car_250414_0011_085_Ca223TrN_MaWOT_ode23t.png","figure") -> figure | P86: Pass
A87: 86 | B87: 223 | C87: Achilles | D87: dwpush | E87: MFMbody | F87: steady | G87: f1Dr1D | H87: None | I87: Low Speed Steer | J87: ode23t | K87: 770 | L87: 7.7525787 | M87: 103.56583 | N87: -0.12773641 | O87: =HYPERLINK(".\sm_car_250414_0011\sm_car_250414_0011_086_Ca223TrN_MaLSS_ode23t.png","figure") -> figure | P87: Pass
A88: 87 | B88: 227 | C88: Hamba | D88: TwistBeam | E88: MFMbody | F88: steady | G88: fCVpCVr1D | H88: None | I88: WOT Braking | J88: ode23t | K88: 630 | L88: 18.172433 | M88: 409.24879 | N88: 1.4864639 | O88: =HYPERLINK(".\sm_car_250414_0011\sm_car_250414_0011_087_Ca227TrN_MaWOT_ode23t.png","figure") -> figure | P88: Pass
A89: 88 | B89: 227 | C89: Hamba | D89: TwistBeam | E89: MFMbody | F89: steady | G89: fCVpCVr1D | H89: None | I89: Low Speed Steer | J89: ode23t | K89: 638 | L89: 12.832082 | M89: 156.26308 | N89: -0.37342832 | O89: =HYPERLINK(".\sm_car_250414_0011\sm_car_250414_0011_088_Ca227TrN_MaLSS_ode23t.png","figure") -> figure | P89: Pass
A90: 89 | B90: 8 | C90: HambaLG | D90: dwb | E90: MFSwift | F90: steady | G90: f1Dr1D | H90: None | I90: WOT Braking | J90: ode23t | K90: 385 | L90: 10.485821 | M90: 231.36015 | N90: -0.0046585454 | O90: =HYPERLINK(".\sm_car_250414_0011\sm_car_250414_0011_089_Ca008TrN_MaWOT_ode23t_1.png","figure") -> figure | P90: Pass
A91: 90 | B91: 8 | C91: HambaLG | D91: dwb | E91: MFSwift | F91: steady | G91: f1Dr1D | H91: None | I91: Low Speed Steer | J91: ode23t | K91: 554 | L91: 12.850996 | M91: 71.25763 | N91: -0.53955684 | O91: =HYPERLINK(".\sm_car_250414_0011\sm_car_250414_0011_090_Ca008TrN_MaLSS_ode23t_1.png","figure") -> figure | P91: Pass
A92: 91 | B92: 9 | C92: HambaLG | D92: dwb | E92: MFSwift | F92: steady | G92: f1D3Dr1D | H92: None | I92: WOT Braking | J92: ode23t | K92: 382 | L92: 12.022578 | M92: 230.33869 | N92: -0.012107781 | O92: =HYPERLINK(".\sm_car_250414_0011\sm_car_250414_0011_091_Ca009TrN_MaWOT_ode23t_1.png","figure") -> figure | P92: Pass
A93: 92 | B93: 9 | C93: HambaLG | D93: dwb | E93: MFSwift | F93: steady | G93: f1D3Dr1D | H93: None | I93: Low Speed Steer | J93: ode23t | K93: 548 | L93: 14.402303 | M93: 70.965177 | N93: -0.53270421 | O93: =HYPERLINK(".\sm_car_250414_0011\sm_car_250414_0011_092_Ca009TrN_MaLSS_ode23t_1.png","figure") -> figure | P93: Pass
A94: 93 | B94: 10 | C94: HambaLG | D94: dwb | E94: MFSwift | F94: steady | G94: fCVpCVr1D | H94: None | I94: WOT Braking | J94: ode23t | K94: 425 | L94: 14.131139 | M94: 230.41889 | N94: 0.04963206 | O94: =HYPERLINK(".\sm_car_250414_0011\sm_car_250414_0011_093_Ca010TrN_MaWOT_ode23t_1.png","figure") -> figure | P94: Pass
A95: 94 | B95: 10 | C95: HambaLG | D95: dwb | E95: MFSwift | F95: steady | G95: fCVpCVr1D | H95: None | I95: Low Speed Steer | J95: ode23t | K95: 551 | L95: 16.66298 | M95: 70.977437 | N95: -0.52919073 | O95: =HYPERLINK(".\sm_car_250414_0011\sm_car_250414_0011_094_Ca010TrN_MaLSS_ode23t_1.png","figure") -> figure | P95: Pass
A96: 95 | B96: 11 | C96: HambaLG | D96: dwb | E96: MFSwift | F96: steady | G96: fCVpCVflexr1D | H96: None | I96: WOT Braking | J96: ode23t | K96: 444 | L96: 14.252305 | M96: 229.86391 | N96: 0.057272038 | O96: =HYPERLINK(".\sm_car_250414_0011\sm_car_250414_0011_095_Ca011TrN_MaWOT_ode23t_1.png","figure") -> figure | P96: Pass
A97: 96 | B97: 11 | C97: HambaLG | D97: dwb | E97: MFSwift | F97: steady | G97: fCVpCVflexr1D | H97: None | I97: Low Speed Steer | J97: ode23t | K97: 587 | L97: 17.00749 | M97: 70.838049 | N97: -0.52653213 | O97: =HYPERLINK(".\sm_car_250414_0011\sm_car_250414_0011_096_Ca011TrN_MaLSS_ode23t_1.png","figure") -> figure | P97: Pass
A98: 97 | B98: 12 | C98: HambaLG | D98: dwb | E98: MFSwift | F98: lintra | G98: f1Dr1D | H98: None | I98: WOT Braking | J98: ode23t | K98: 837 | L98: 11.4748 | M98: 231.18598 | N98: -0.0035116877 | O98: =HYPERLINK(".\sm_car_250414_0011\sm_car_250414_0011_097_Ca012TrN_MaWOT_ode23t_1.png","figure") -> figure | P98: Pass
A99: 98 | B99: 12 | C99: HambaLG | D99: dwb | E99: MFSwift | F99: lintra | G99: f1Dr1D | H99: None | I99: Low Speed Steer | J99: ode23t | K99: 980 | L99: 12.988921 | M99: 71.260563 | N99: -0.5432734 | O99: =HYPERLINK(".\sm_car_250414_0011\sm_car_250414_0011_098_Ca012TrN_MaLSS_ode23t_1.png","figure") -> figure | P99: Pass
A100: 99 | B100: 13 | C100: HambaLG | D100: dwb | E100: MFSwift | F100: lintra | G100: f1D3Dr1D | H100: None | I100: WOT Braking | J100: ode23t | K100: 859 | L100: 13.562332 | M100: 230.35824 | N100: -0.011586796 | O100: =HYPERLINK(".\sm_car_250414_0011\sm_car_250414_0011_099_Ca013TrN_MaWOT_ode23t_1.png","figure") -> figure | P100: Pass
...

Sheet 2022a_250418_1417
A1: Run | B1: Preset | C1: Body | D1: SuspF | E1: Tire | F1: TirDyn | G1: Drv | H1: Trail | I1: Mane | J1: Solv | K1: # Steps | L1: Time | M1: xFinal | N1: yFinal | O1: Figure | P1: Pass | R1: 18-Apr-2025 17:07:34
A2: 1 | B2: 0 | C2: HambaLG | D2: dwb | E2: MFEval | F2: steady | G2: f1Dr1D | H2: None | I2: WOT Braking | J2: ode23t | K2: 419 | L2: 6.336412 | M2: 231.16978 | N2: -0.0042167209 | O2: =HYPERLINK(".\sm_car_250418_1417\sm_car_250418_1417_001_Ca000TrN_MaWOT_ode23t.png","figure") -> figure | P2: Pass | R2: MATHWORKS-OL1OH
A3: 2 | B3: 0 | C3: HambaLG | D3: dwb | E3: MFEval | F3: steady | G3: f1Dr1D | H3: None | I3: Low Speed Steer | J3: ode23t | K3: 535 | L3: 7.5852963 | M3: 71.237682 | N3: -0.53746461 | O3: =HYPERLINK(".\sm_car_250418_1417\sm_car_250418_1417_002_Ca000TrN_MaLSS_ode23t.png","figure") -> figure | P3: Pass | R3: 9.12.0.2529717 (R2022a) Update 8
A4: 3 | B4: 1 | C4: HambaLG | D4: dwb | E4: MFEval | F4: steady | G4: f1D3Dr1D | H4: None | I4: WOT Braking | J4: ode23t | K4: 407 | L4: 6.8921933 | M4: 230.25741 | N4: -0.014633103 | O4: =HYPERLINK(".\sm_car_250418_1417\sm_car_250418_1417_003_Ca001TrN_MaWOT_ode23t.png","figure") -> figure | P4: Pass | R4: MF-Swift Version: 2306
A5: 4 | B5: 1 | C5: HambaLG | D5: dwb | E5: MFEval | F5: steady | G5: f1D3Dr1D | H5: None | I5: Low Speed Steer | J5: ode23t | K5: 519 | L5: 7.2882205 | M5: 70.957678 | N5: -0.53384777 | O5: =HYPERLINK(".\sm_car_250418_1417\sm_car_250418_1417_004_Ca001TrN_MaLSS_ode23t.png","figure") -> figure | P5: Pass | R5: R22asrc, 4p0 Add SWD, RST, SLA, FSH
A6: 5 | B6: 2 | C6: HambaLG | D6: dwb | E6: MFEval | F6: steady | G6: fCVpCVr1D | H6: None | I6: WOT Braking | J6: ode23t | K6: 438 | L6: 11.48862 | M6: 230.38665 | N6: 0.052552456 | O6: =HYPERLINK(".\sm_car_250418_1417\sm_car_250418_1417_005_Ca002TrN_MaWOT_ode23t.png","figure") -> figure | P6: Pass
A7: 6 | B7: 2 | C7: HambaLG | D7: dwb | E7: MFEval | F7: steady | G7: fCVpCVr1D | H7: None | I7: Low Speed Steer | J7: ode23t | K7: 531 | L7: 11.77198 | M7: 70.954822 | N7: -0.5320192 | O7: =HYPERLINK(".\sm_car_250418_1417\sm_car_250418_1417_006_Ca002TrN_MaLSS_ode23t.png","figure") -> figure | P7: Pass
A8: 7 | B8: 3 | C8: HambaLG | D8: dwb | E8: MFEval | F8: steady | G8: fCVpCVflexr1D | H8: None | I8: WOT Braking | J8: ode23t | K8: 462 | L8: 11.16296 | M8: 229.97511 | N8: 0.051365342 | O8: =HYPERLINK(".\sm_car_250418_1417\sm_car_250418_1417_007_Ca003TrN_MaWOT_ode23t.png","figure") -> figure | P8: Pass
A9: 8 | B9: 3 | C9: HambaLG | D9: dwb | E9: MFEval | F9: steady | G9: fCVpCVflexr1D | H9: None | I9: Low Speed Steer | J9: ode23t | K9: 583 | L9: 12.375929 | M9: 70.83711 | N9: -0.52818838 | O9: =HYPERLINK(".\sm_car_250418_1417\sm_car_250418_1417_008_Ca003TrN_MaLSS_ode23t.png","figure") -> figure | P9: Pass
A10: 9 | B10: 4 | C10: HambaLG | D10: dwb | E10: MFEval | F10: lintra | G10: f1Dr1D | H10: None | I10: WOT Braking | J10: ode23t | K10: 1083 | L10: 10.829682 | M10: 231.36499 | N10: -0.0056787031 | O10: =HYPERLINK(".\sm_car_250418_1417\sm_car_250418_1417_009_Ca004TrN_MaWOT_ode23t.png","figure") -> figure | P10: Pass
A11: 10 | B11: 4 | C11: HambaLG | D11: dwb | E11: MFEval | F11: lintra | G11: f1Dr1D | H11: None | I11: Low Speed Steer | J11: ode23t | K11: 1204 | L11: 12.818503 | M11: 71.25104 | N11: -0.5401557 | O11: =HYPERLINK(".\sm_car_250418_1417\sm_car_250418_1417_010_Ca004TrN_MaLSS_ode23t.png","figure") -> figure | P11: Pass
A12: 11 | B12: 5 | C12: HambaLG | D12: dwb | E12: MFEval | F12: lintra | G12: f1D3Dr1D | H12: None | I12: WOT Braking | J12: ode23t | K12: 1120 | L12: 12.695891 | M12: 230.33571 | N12: -0.0096169929 | O12: =HYPERLINK(".\sm_car_250418_1417\sm_car_250418_1417_011_Ca005TrN_MaWOT_ode23t.png","figure") -> figure | P12: Pass
A13: 12 | B13: 5 | C13: HambaLG | D13: dwb | E13: MFEval | F13: lintra | G13: f1D3Dr1D | H13: None | I13: Low Speed Steer | J13: ode23t | K13: 1231 | L13: 14.749834 | M13: 70.974774 | N13: -0.53847437 | O13: =HYPERLINK(".\sm_car_250418_1417\sm_car_250418_1417_012_Ca005TrN_MaLSS_ode23t.png","figure") -> figure | P13: Pass
A14: 13 | B14: 6 | C14: HambaLG | D14: dwb | E14: MFEval | F14: lintra | G14: fCVpCVr1D | H14: None | I14: WOT Braking | J14: ode23t | K14: 1205 | L14: 15.085846 | M14: 230.41604 | N14: 0.051014451 | O14: =HYPERLINK(".\sm_car_250418_1417\sm_car_250418_1417_013_Ca006TrN_MaWOT_ode23t.png","figure") -> figure | P14: Pass
A15: 14 | B15: 6 | C15: HambaLG | D15: dwb | E15: MFEval | F15: lintra | G15: fCVpCVr1D | H15: None | I15: Low Speed Steer | J15: ode23t | K15: 1302 | L15: 15.675547 | M15: 70.962447 | N15: -0.53379822 | O15: =HYPERLINK(".\sm_car_250418_1417\sm_car_250418_1417_014_Ca006TrN_MaLSS_ode23t.png","figure") -> figure | P15: Pass
A16: 15 | B16: 7 | C16: HambaLG | D16: dwb | E16: MFEval | F16: lintra | G16: fCVpCVflexr1D | H16: None | I16: WOT Braking | J16: ode23t | K16: 1187 | L16: 17.403167 | M16: 229.92141 | N16: 0.055510013 | O16: =HYPERLINK(".\sm_car_250418_1417\sm_car_250418_1417_015_Ca007TrN_MaWOT_ode23t.png","figure") -> figure | P16: Pass
A17: 16 | B17: 7 | C17: HambaLG | D17: dwb | E17: MFEval | F17: lintra | G17: fCVpCVflexr1D | H17: None | I17: Low Speed Steer | J17: ode23t | K17: 1264 | L17: 16.321782 | M17: 70.840156 | N17: -0.52950776 | O17: =HYPERLINK(".\sm_car_250418_1417\sm_car_250418_1417_016_Ca007TrN_MaLSS_ode23t.png","figure") -> figure | P17: Pass
A18: 17 | B18: 16 | C18: HambaLG | D18: dwa | E18: MFEval | F18: steady | G18: f1Dr1D | H18: None | I18: WOT Braking | J18: ode23t | K18: 410 | L18: 5.6343675 | M18: 231.9547 | N18: -0.07180517 | O18: =HYPERLINK(".\sm_car_250418_1417\sm_car_250418_1417_017_Ca016TrN_MaWOT_ode23t.png","figure") -> figure | P18: Pass
A19: 18 | B19: 16 | C19: HambaLG | D19: dwa | E19: MFEval | F19: steady | G19: f1Dr1D | H19: None | I19: Low Speed Steer | J19: ode23t | K19: 487 | L19: 5.9757213 | M19: 71.519095 | N19: -0.021563941 | O19: =HYPERLINK(".\sm_car_250418_1417\sm_car_250418_1417_018_Ca016TrN_MaLSS_ode23t.png","figure") -> figure | P19: Pass
A20: 19 | B20: 32 | C20: HambaLG | D20: S2LAF | E20: MFEval | F20: steady | G20: f1Dr1D | H20: None | I20: WOT Braking | J20: ode23t | K20: 396 | L20: 7.2425978 | M20: 231.36824 | N20: 0.008704882 | O20: =HYPERLINK(".\sm_car_250418_1417\sm_car_250418_1417_019_Ca032TrN_MaWOT_ode23t.png","figure") -> figure | P20: Pass
A21: 20 | B21: 32 | C21: HambaLG | D21: S2LAF | E21: MFEval | F21: steady | G21: f1Dr1D | H21: None | I21: Low Speed Steer | J21: ode23t | K21: 519 | L21: 8.9284359 | M21: 71.259134 | N21: -0.52291335 | O21: =HYPERLINK(".\sm_car_250418_1417\sm_car_250418_1417_020_Ca032TrN_MaLSS_ode23t.png","figure") -> figure | P21: Pass
A22: 21 | B22: 48 | C22: HambaLG | D22: S2LAR | E22: MFEval | F22: steady | G22: f1Dr1D | H22: None | I22: WOT Braking | J22: ode23t | K22: 408 | L22: 7.8997636 | M22: 231.3545 | N22: -0.017846833 | O22: =HYPERLINK(".\sm_car_250418_1417\sm_car_250418_1417_021_Ca048TrN_MaWOT_ode23t.png","figure") -> figure | P22: Pass
A23: 22 | B23: 48 | C23: HambaLG | D23: S2LAR | E23: MFEval | F23: steady | G23: f1Dr1D | H23: None | I23: Low Speed Steer | J23: ode23t | K23: 523 | L23: 8.5011024 | M23: 71.243091 | N23: -0.52846715 | O23: =HYPERLINK(".\sm_car_250418_1417\sm_car_250418_1417_022_Ca048TrN_MaLSS_ode23t.png","figure") -> figure | P23: Pass
A24: 23 | B24: 64 | C24: HambaLG | D24: 5S2LAF | E24: MFEval | F24: steady | G24: f1Dr1D | H24: None | I24: WOT Braking | J24: ode23t | K24: 401 | L24: 8.7375189 | M24: 231.39133 | N24: 0.010575312 | O24: =HYPERLINK(".\sm_car_250418_1417\sm_car_250418_1417_023_Ca064TrN_MaWOT_ode23t.png","figure") -> figure | P24: Pass
A25: 24 | B25: 64 | C25: HambaLG | D25: 5S2LAF | E25: MFEval | F25: steady | G25: f1Dr1D | H25: None | I25: Low Speed Steer | J25: ode23t | K25: 515 | L25: 8.3816886 | M25: 71.257169 | N25: -0.51773374 | O25: =HYPERLINK(".\sm_car_250418_1417\sm_car_250418_1417_024_Ca064TrN_MaLSS_ode23t.png","figure") -> figure | P25: Pass
A26: 25 | B26: 80 | C26: HambaLG | D26: 5S2LAR | E26: MFEval | F26: steady | G26: f1Dr1D | H26: None | I26: WOT Braking | J26: ode23t | K26: 409 | L26: 9.2979202 | M26: 230.92214 | N26: -0.018904178 | O26: =HYPERLINK(".\sm_car_250418_1417\sm_car_250418_1417_025_Ca080TrN_MaWOT_ode23t.png","figure") -> figure | P26: Pass
A27: 26 | B27: 80 | C27: HambaLG | D27: 5S2LAR | E27: MFEval | F27: steady | G27: f1Dr1D | H27: None | I27: Low Speed Steer | J27: ode23t | K27: 511 | L27: 8.6093963 | M27: 71.241627 | N27: -0.5275313 | O27: =HYPERLINK(".\sm_car_250418_1417\sm_car_250418_1417_026_Ca080TrN_MaLSS_ode23t.png","figure") -> figure | P27: Pass
A28: 27 | B28: 96 | C28: HambaLG | D28: 5CS2LAF | E28: MFEval | F28: steady | G28: f1Dr1D | H28: None | I28: WOT Braking | J28: ode23t | K28: 408 | L28: 6.6053064 | M28: 233.14095 | N28: 0.022170176 | O28: =HYPERLINK(".\sm_car_250418_1417\sm_car_250418_1417_027_Ca096TrN_MaWOT_ode23t.png","figure") -> figure | P28: Pass
A29: 28 | B29: 96 | C29: HambaLG | D29: 5CS2LAF | E29: MFEval | F29: steady | G29: f1Dr1D | H29: None | I29: Low Speed Steer | J29: ode23t | K29: 508 | L29: 7.0457044 | M29: 71.764371 | N29: -0.52600636 | O29: =HYPERLINK(".\sm_car_250418_1417\sm_car_250418_1417_028_Ca096TrN_MaLSS_ode23t.png","figure") -> figure | P29: Pass
A30: 29 | B30: 112 | C30: HambaLG | D30: 15DOF | E30: MFEval | F30: steady | G30: f1Dr1D | H30: None | I30: WOT Braking | J30: ode23t | K30: 371 | L30: 2.4681811 | M30: 242.67152 | N30: 0.23455913 | O30: =HYPERLINK(".\sm_car_250418_1417\sm_car_250418_1417_029_Ca112TrN_MaWOT_ode23t.png","figure") -> figure | P30: Pass
A31: 30 | B31: 112 | C31: HambaLG | D31: 15DOF | E31: MFEval | F31: steady | G31: f1Dr1D | H31: None | I31: Low Speed Steer | J31: ode23t | K31: 480 | L31: 2.7471233 | M31: 74.659634 | N31: -0.33798931 | O31: =HYPERLINK(".\sm_car_250418_1417\sm_car_250418_1417_030_Ca112TrN_MaLSS_ode23t.png","figure") -> figure | P31: Pass
A32: 31 | B32: 113 | C32: HambaLG | D32: 15DOF | E32: MFEval | F32: steady | G32: f1D3Dr1D | H32: None | I32: WOT Braking | J32: ode23t | K32: 365 | L32: 3.160326 | M32: 241.58096 | N32: 0.23108069 | O32: =HYPERLINK(".\sm_car_250418_1417\sm_car_250418_1417_031_Ca113TrN_MaWOT_ode23t.png","figure") -> figure | P32: Pass
A33: 32 | B33: 113 | C33: HambaLG | D33: 15DOF | E33: MFEval | F33: steady | G33: f1D3Dr1D | H33: None | I33: Low Speed Steer | J33: ode23t | K33: 472 | L33: 2.7871249 | M33: 74.347328 | N33: -0.33499339 | O33: =HYPERLINK(".\sm_car_250418_1417\sm_car_250418_1417_032_Ca113TrN_MaLSS_ode23t.png","figure") -> figure | P33: Pass
A34: 33 | B34: 114 | C34: HambaLG | D34: 15DOF | E34: MFEval | F34: steady | G34: fCVpCVr1D | H34: None | I34: WOT Braking | J34: ode23t | K34: 373 | L34: 3.0219925 | M34: 241.4723 | N34: 0.22924441 | O34: =HYPERLINK(".\sm_car_250418_1417\sm_car_250418_1417_033_Ca114TrN_MaWOT_ode23t.png","figure") -> figure | P34: Pass
A35: 34 | B35: 114 | C35: HambaLG | D35: 15DOF | E35: MFEval | F35: steady | G35: fCVpCVr1D | H35: None | I35: Low Speed Steer | J35: ode23t | K35: 480 | L35: 3.0916611 | M35: 74.350536 | N35: -0.33405185 | O35: =HYPERLINK(".\sm_car_250418_1417\sm_car_250418_1417_034_Ca114TrN_MaLSS_ode23t.png","figure") -> figure | P35: Pass
A36: 35 | B36: 115 | C36: HambaLG | D36: 15DOF | E36: MFEval | F36: steady | G36: fCVpCVflexr1D | H36: None | I36: WOT Braking | J36: ode23t | K36: 389 | L36: 3.1475967 | M36: 241.20739 | N36: 0.22780539 | O36: =HYPERLINK(".\sm_car_250418_1417\sm_car_250418_1417_035_Ca115TrN_MaWOT_ode23t.png","figure") -> figure | P36: Pass
A37: 36 | B37: 115 | C37: HambaLG | D37: 15DOF | E37: MFEval | F37: steady | G37: fCVpCVflexr1D | H37: None | I37: Low Speed Steer | J37: ode23t | K37: 523 | L37: 3.7052205 | M37: 74.209863 | N37: -0.33245455 | O37: =HYPERLINK(".\sm_car_250418_1417\sm_car_250418_1417_036_Ca115TrN_MaLSS_ode23t.png","figure") -> figure | P37: Pass
A38: 37 | B38: 116 | C38: HambaLG | D38: 15DOF | E38: MFEval | F38: lintra | G38: f1Dr1D | H38: None | I38: WOT Braking | J38: ode23t | K38: 943 | L38: 4.4116395 | M38: 242.63119 | N38: 0.23279194 | O38: =HYPERLINK(".\sm_car_250418_1417\sm_car_250418_1417_037_Ca116TrN_MaWOT_ode23t.png","figure") -> figure | P38: Pass
A39: 38 | B39: 116 | C39: HambaLG | D39: 15DOF | E39: MFEval | F39: lintra | G39: f1Dr1D | H39: None | I39: Low Speed Steer | J39: ode23t | K39: 1060 | L39: 4.7064446 | M39: 74.660234 | N39: -0.34043153 | O39: =HYPERLINK(".\sm_car_250418_1417\sm_car_250418_1417_038_Ca116TrN_MaLSS_ode23t.png","figure") -> figure | P39: Pass
A40: 39 | B40: 117 | C40: HambaLG | D40: 15DOF | E40: MFEval | F40: lintra | G40: f1D3Dr1D | H40: None | I40: WOT Braking | J40: ode23t | K40: 955 | L40: 4.9141595 | M40: 241.25997 | N40: 0.23003619 | O40: =HYPERLINK(".\sm_car_250418_1417\sm_car_250418_1417_039_Ca117TrN_MaWOT_ode23t.png","figure") -> figure | P40: Pass
A41: 40 | B41: 117 | C41: HambaLG | D41: 15DOF | E41: MFEval | F41: lintra | G41: f1D3Dr1D | H41: None | I41: Low Speed Steer | J41: ode23t | K41: 1049 | L41: 5.1887151 | M41: 74.351685 | N41: -0.33712442 | O41: =HYPERLINK(".\sm_car_250418_1417\sm_car_250418_1417_040_Ca117TrN_MaLSS_ode23t.png","figure") -> figure | P41: Pass
A42: 41 | B42: 118 | C42: HambaLG | D42: 15DOF | E42: MFEval | F42: lintra | G42: fCVpCVr1D | H42: None | I42: WOT Braking | J42: ode23t | K42: 943 | L42: 5.0219601 | M42: 241.50512 | N42: 0.22806034 | O42: =HYPERLINK(".\sm_car_250418_1417\sm_car_250418_1417_041_Ca118TrN_MaWOT_ode23t.png","figure") -> figure | P42: Pass
A43: 42 | B43: 118 | C43: HambaLG | D43: 15DOF | E43: MFEval | F43: lintra | G43: fCVpCVr1D | H43: None | I43: Low Speed Steer | J43: ode23t | K43: 1061 | L43: 6.074147 | M43: 74.351554 | N43: -0.33607662 | O43: =HYPERLINK(".\sm_car_250418_1417\sm_car_250418_1417_042_Ca118TrN_MaLSS_ode23t.png","figure") -> figure | P43: Pass
A44: 43 | B44: 119 | C44: HambaLG | D44: 15DOF | E44: MFEval | F44: lintra | G44: fCVpCVflexr1D | H44: None | I44: WOT Braking | J44: ode23t | K44: 957 | L44: 5.0638719 | M44: 240.81336 | N44: 0.22682437 | O44: =HYPERLINK(".\sm_car_250418_1417\sm_car_250418_1417_043_Ca119TrN_MaWOT_ode23t.png","figure") -> figure | P44: Pass
A45: 44 | B45: 119 | C45: HambaLG | D45: 15DOF | E45: MFEval | F45: lintra | G45: fCVpCVflexr1D | H45: None | I45: Low Speed Steer | J45: ode23t | K45: 1063 | L45: 5.4922572 | M45: 74.200975 | N45: -0.33358287 | O45: =HYPERLINK(".\sm_car_250418_1417\sm_car_250418_1417_044_Ca119TrN_MaLSS_ode23t.png","figure") -> figure | P45: Pass
A46: 45 | B46: 128 | C46: HambaLG | D46: dwb | E46: MFMbody | F46: steady | G46: oneShaft | H46: None | I46: WOT Braking | J46: ode23t | K46: 315 | L46: 5.8543977 | M46: 99.772003 | N46: -0.016269964 | O46: =HYPERLINK(".\sm_car_250418_1417\sm_car_250418_1417_045_Ca128TrN_MaWOT_ode23t.png","figure") -> figure | P46: Pass
A47: 46 | B47: 128 | C47: HambaLG | D47: dwb | E47: MFMbody | F47: steady | G47: oneShaft | H47: None | I47: Low Speed Steer | J47: ode23t | K47: 437 | L47: 7.2977359 | M47: 36.954451 | N47: -0.13129048 | O47: =HYPERLINK(".\sm_car_250418_1417\sm_car_250418_1417_046_Ca128TrN_MaLSS_ode23t.png","figure") -> figure | P47: Pass
A48: 47 | B48: 129 | C48: HambaLG | D48: dwb | E48: MFMbody | F48: steady | G48: fCVrCV | H48: None | I48: WOT Braking | J48: ode23t | K48: 338 | L48: 7.1549161 | M48: 229.36143 | N48: 0.059765295 | O48: =HYPERLINK(".\sm_car_250418_1417\sm_car_250418_1417_047_Ca129TrN_MaWOT_ode23t.png","figure") -> figure | P48: Pass
A49: 48 | B49: 129 | C49: HambaLG | D49: dwb | E49: MFMbody | F49: steady | G49: fCVrCV | H49: None | I49: Low Speed Steer | J49: ode23t | K49: 481 | L49: 8.2599904 | M49: 70.69184 | N49: -0.5236974 | O49: =HYPERLINK(".\sm_car_250418_1417\sm_car_250418_1417_048_Ca129TrN_MaLSS_ode23t.png","figure") -> figure | P49: Pass
A50: 49 | B50: 130 | C50: HambaLG | D50: dwb | E50: MFEval | F50: steady | G50: 1D3DABS | H50: None | I50: WOT Braking | J50: ode23t | K50: 785 | L50: 22.092384 | M50: 217.23142 | N50: -1.5381187 | O50: =HYPERLINK(".\sm_car_250418_1417\sm_car_250418_1417_049_Ca130TrN_MaWOT_ode23t.png","figure") -> figure | P50: Pass
A51: 50 | B51: 130 | C51: HambaLG | D51: dwb | E51: MFEval | F51: steady | G51: 1D3DABS | H51: None | I51: Low Speed Steer | J51: ode23t | K51: 774 | L51: 20.811749 | M51: 68.770415 | N51: -0.54591814 | O51: =HYPERLINK(".\sm_car_250418_1417\sm_car_250418_1417_050_Ca130TrN_MaLSS_ode23t.png","figure") -> figure | P51: Pass
A52: 51 | B52: 131 | C52: HambaLG | D52: dwb | E52: MFMbody | F52: steady | G52: sprFnl | H52: None | I52: WOT Braking | J52: ode23t | K52: 354 | L52: 4.8501494 | M52: 230.01508 | N52: -0.040829059 | O52: =HYPERLINK(".\sm_car_250418_1417\sm_car_250418_1417_051_Ca131TrN_MaWOT_ode23t.png","figure") -> figure | P52: Pass
A53: 52 | B53: 131 | C53: HambaLG | D53: dwb | E53: MFMbody | F53: steady | G53: sprFnl | H53: None | I53: Low Speed Steer | J53: ode23t | K53: 504 | L53: 5.6290755 | M53: 70.975257 | N53: -0.53986369 | O53: =HYPERLINK(".\sm_car_250418_1417\sm_car_250418_1417_052_Ca131TrN_MaLSS_ode23t.png","figure") -> figure | P53: Pass
A54: 53 | B54: 132 | C54: HambaLG | D54: dwb | E54: MFMbody | F54: steady | G54: sprconRnl | H54: None | I54: WOT Braking | J54: ode23t | K54: 354 | L54: 4.5865426 | M54: 230.40692 | N54: -0.011461657 | O54: =HYPERLINK(".\sm_car_250418_1417\sm_car_250418_1417_053_Ca132TrN_MaWOT_ode23t.png","figure") -> figure | P54: Pass
A55: 54 | B55: 132 | C55: HambaLG | D55: dwb | E55: MFMbody | F55: steady | G55: sprconRnl | H55: None | I55: Low Speed Steer | J55: ode23t | K55: 505 | L55: 5.9855788 | M55: 70.963479 | N55: -0.53620033 | O55: =HYPERLINK(".\sm_car_250418_1417\sm_car_250418_1417_054_Ca132TrN_MaLSS_ode23t.png","figure") -> figure | P55: Pass
A56: 55 | B56: 133 | C56: HambaLG | D56: dwb | E56: MFMbody | F56: steady | G56: sprLin | H56: None | I56: WOT Braking | J56: ode23t | K56: 374 | L56: 4.8977913 | M56: 230.30905 | N56: -0.010624811 | O56: =HYPERLINK(".\sm_car_250418_1417\sm_car_250418_1417_055_Ca133TrN_MaWOT_ode23t.png","figure") -> figure | P56: Pass
A57: 56 | B57: 133 | C57: HambaLG | D57: dwb | E57: MFMbody | F57: steady | G57: sprLin | H57: None | I57: Low Speed Steer | J57: ode23t | K57: 505 | L57: 5.6794303 | M57: 70.974483 | N57: -0.53521135 | O57: =HYPERLINK(".\sm_car_250418_1417\sm_car_250418_1417_056_Ca133TrN_MaLSS_ode23t.png","figure") -> figure | P57: Pass
A58: 57 | B58: 134 | C58: HambaLG | D58: dwb | E58: MFMbody | F58: steady | G58: daminRnl | H58: None | I58: WOT Braking | J58: ode23t | K58: 351 | L58: 5.0782897 | M58: 230.29615 | N58: -0.012341586 | O58: =HYPERLINK(".\sm_car_250418_1417\sm_car_250418_1417_057_Ca134TrN_MaWOT_ode23t.png","figure") -> figure | P58: Pass
A59: 58 | B59: 134 | C59: HambaLG | D59: dwb | E59: MFMbody | F59: steady | G59: daminRnl | H59: None | I59: Low Speed Steer | J59: ode23t | K59: 509 | L59: 5.8795573 | M59: 70.978322 | N59: -0.53360224 | O59: =HYPERLINK(".\sm_car_250418_1417\sm_car_250418_1417_058_Ca134TrN_MaLSS_ode23t.png","figure") -> figure | P59: Pass
A60: 59 | B60: 135 | C60: HambaLG | D60: dwb | E60: MFMbody | F60: steady | G60: damconFnl | H60: None | I60: WOT Braking | J60: ode23t | K60: 341 | L60: 4.7035688 | M60: 230.37032 | N60: -0.011643341 | O60: =HYPERLINK(".\sm_car_250418_1417\sm_car_250418_1417_059_Ca135TrN_MaWOT_ode23t.png","figure") -> figure | P60: Pass
A61: 60 | B61: 135 | C61: HambaLG | D61: dwb | E61: MFMbody | F61: steady | G61: damconFnl | H61: None | I61: Low Speed Steer | J61: ode23t | K61: 486 | L61: 5.2937303 | M61: 70.982344 | N61: -0.53532476 | O61: =HYPERLINK(".\sm_car_250418_1417\sm_car_250418_1417_060_Ca135TrN_MaLSS_ode23t.png","figure") -> figure | P61: Pass
A62: 61 | B62: 136 | C62: HambaLG | D62: dwb | E62: MFMbody | F62: steady | G62: CVCVp1D | H62: None | I62: WOT Braking | J62: ode23t | K62: 374 | L62: 5.8995321 | M62: 230.41112 | N62: 0.053015672 | O62: =HYPERLINK(".\sm_car_250418_1417\sm_car_250418_1417_061_Ca136TrN_MaWOT_ode23t.png","figure") -> figure | P62: Pass
A63: 62 | B63: 136 | C63: HambaLG | D63: dwb | E63: MFMbody | F63: steady | G63: CVCVp1D | H63: None | I63: Low Speed Steer | J63: ode23t | K63: 490 | L63: 6.9792154 | M63: 70.984104 | N63: -0.52956896 | O63: =HYPERLINK(".\sm_car_250418_1417\sm_car_250418_1417_062_Ca136TrN_MaLSS_ode23t.png","figure") -> figure | P63: Pass
A64: 63 | B64: 137 | C64: HambaLG | D64: dwb | E64: MFMbody | F64: steady | G64: f1Dr1D | H64: None | I64: WOT Braking | J64: ode23t | K64: 330 | L64: 4.1048935 | M64: 231.37619 | N64: 0.13995991 | O64: =HYPERLINK(".\sm_car_250418_1417\sm_car_250418_1417_063_Ca137TrN_MaWOT_ode23t.png","figure") -> figure | P64: Pass
A65: 64 | B65: 137 | C65: HambaLG | D65: dwb | E65: MFMbody | F65: steady | G65: f1Dr1D | H65: None | I65: Low Speed Steer | J65: ode23t | K65: 470 | L65: 4.5442077 | M65: 71.242988 | N65: -0.51191002 | O65: =HYPERLINK(".\sm_car_250418_1417\sm_car_250418_1417_064_Ca137TrN_MaLSS_ode23t.png","figure") -> figure | P65: Pass
A66: 65 | B66: 138 | C66: HambaLG | D66: dwb | E66: MFMbody | F66: steady | G66: f1Dr1D | H66: None | I66: WOT Braking | J66: ode23t | K66: 325 | L66: 5.6067015 | M66: 231.3463 | N66: 0.14575438 | O66: =HYPERLINK(".\sm_car_250418_1417\sm_car_250418_1417_065_Ca138TrN_MaWOT_ode23t.png","figure") -> figure | P66: Pass
A67: 66 | B67: 138 | C67: HambaLG | D67: dwb | E67: MFMbody | F67: steady | G67: f1Dr1D | H67: None | I67: Low Speed Steer | J67: ode23t | K67: 493 | L67: 6.9193666 | M67: 71.135576 | N67: -0.82740227 | O67: =HYPERLINK(".\sm_car_250418_1417\sm_car_250418_1417_066_Ca138TrN_MaLSS_ode23t.png","figure") -> figure | P67: Pass
A68: 67 | B68: 139 | C68: Hamba | D68: dwb | E68: MFEval | F68: steady | G68: fCVpCVr1D | H68: None | I68: WOT Braking | J68: ode23t | K68: 671 | L68: 27.132391 | M68: 405.22521 | N68: 1.7654749 | O68: =HYPERLINK(".\sm_car_250418_1417\sm_car_250418_1417_067_Ca139TrN_MaWOT_ode23t.png","figure") -> figure | P68: Pass
A69: 68 | B69: 139 | C69: Hamba | D69: dwb | E69: MFEval | F69: steady | G69: fCVpCVr1D | H69: None | I69: Low Speed Steer | J69: ode23t | K69: 639 | L69: 17.943785 | M69: 154.33412 | N69: -0.58283565 | O69: =HYPERLINK(".\sm_car_250418_1417\sm_car_250418_1417_068_Ca139TrN_MaLSS_ode23t.png","figure") -> figure | P69: Pass
A70: 69 | B70: 141 | C70: Hamba | D70: dwb | E70: MFEval | F70: lintra | G70: fCVpCVr1D | H70: None | I70: WOT Braking | J70: ode23t | K70: 1959 | L70: 36.962556 | M70: 405.30241 | N70: 1.6154649 | O70: =HYPERLINK(".\sm_car_250418_1417\sm_car_250418_1417_069_Ca141TrN_MaWOT_ode23t.png","figure") -> figure | P70: Pass
A71: 70 | B71: 141 | C71: Hamba | D71: dwb | E71: MFEval | F71: lintra | G71: fCVpCVr1D | H71: None | I71: Low Speed Steer | J71: ode23t | K71: 1851 | L71: 26.785744 | M71: 154.41111 | N71: -0.58377816 | O71: =HYPERLINK(".\sm_car_250418_1417\sm_car_250418_1417_070_Ca141TrN_MaLSS_ode23t.png","figure") -> figure | P71: Pass
A72: 71 | B72: 143 | C72: Makhulu | D72: dwb | E72: MFEval2x | F72: steady | G72: fCVpCVr1D | H72: None | I72: WOT Braking | J72: ode23t | K72: 359 | L72: 21.640007 | M72: 95.79891 | N72: -0.030921415 | O72: =HYPERLINK(".\sm_car_250418_1417\sm_car_250418_1417_071_Ca143TrN_MaWOT_ode23t.png","figure") -> figure | P72: Pass
A73: 72 | B73: 143 | C73: Makhulu | D73: dwb | E73: MFEval2x | F73: steady | G73: fCVpCVr1D | H73: None | I73: Low Speed Steer | J73: ode23t | K73: 456 | L73: 21.197206 | M73: 25.006274 | N73: -0.053111841 | O73: =HYPERLINK(".\sm_car_250418_1417\sm_car_250418_1417_072_Ca143TrN_MaLSS_ode23t.png","figure") -> figure | P73: Pass
A74: 73 | B74: 144 | C74: Makhulu | D74: dwb | E74: MFEval | F74: steady | G74: fCVpCVr1D | H74: None | I74: WOT Braking | J74: ode23t | K74: 338 | L74: 14.15559 | M74: 114.02424 | N74: 0.53031999 | O74: =HYPERLINK(".\sm_car_250418_1417\sm_car_250418_1417_073_Ca144TrN_MaWOT_ode23t.png","figure") -> figure | P74: Pass
A75: 74 | B75: 144 | C75: Makhulu | D75: dwb | E75: MFEval | F75: steady | G75: fCVpCVr1D | H75: None | I75: Low Speed Steer | J75: ode23t | K75: 451 | L75: 13.706316 | M75: 35.602956 | N75: -0.032606167 | O75: =HYPERLINK(".\sm_car_250418_1417\sm_car_250418_1417_074_Ca144TrN_MaLSS_ode23t.png","figure") -> figure | P75: Pass
A76: 75 | B76: 147 | C76: Hamba | D76: dwb | E76: CFL | F76: steady | G76: fCVpCVr1D | H76: None | I76: WOT Braking | J76: ode23t | K76: 2510 | L76: 30.254248 | M76: 399.76595 | N76: -16.255044 | O76: =HYPERLINK(".\sm_car_250418_1417\sm_car_250418_1417_075_Ca147TrN_MaWOT_ode23t.png","figure") -> figure | P76: Pass
A77: 76 | B77: 147 | C77: Hamba | D77: dwb | E77: CFL | F77: steady | G77: fCVpCVr1D | H77: None | I77: Low Speed Steer | J77: ode23t | K77: 1276 | L77: 18.105689 | M77: 151.93874 | N77: -2.409804 | O77: =HYPERLINK(".\sm_car_250418_1417\sm_car_250418_1417_076_Ca147TrN_MaLSS_ode23t.png","figure") -> figure | P77: Pass
A78: 77 | B78: 215 | C78: Achilles | D78: dwpull | E78: MFMbody | F78: 4MotorCool | G78: f1Dr1D | H78: None | I78: WOT Braking | J78: ode23t | K78: 312 | L78: 8.3852253 | M78: 229.67542 | N78: 0.005598089 | O78: =HYPERLINK(".\sm_car_250418_1417\sm_car_250418_1417_077_Ca215TrN_MaWOT_ode23t.png","figure") -> figure | P78: Pass
A79: 78 | B79: 215 | C79: Achilles | D79: dwpull | E79: MFMbody | F79: 4MotorCool | G79: f1Dr1D | H79: None | I79: Low Speed Steer | J79: ode23t | K79: 471 | L79: 8.2987671 | M79: 81.268282 | N79: -0.22189443 | O79: =HYPERLINK(".\sm_car_250418_1417\sm_car_250418_1417_078_Ca215TrN_MaLSS_ode23t.png","figure") -> figure | P79: Pass
A80: 79 | B80: 218 | C80: HambaLG | D80: MacPh | E80: MFMbody | F80: steady | G80: fCVpCVr1D | H80: None | I80: WOT Braking | J80: ode23t | K80: 344 | L80: 4.3880881 | M80: 230.38897 | N80: 0.16929975 | O80: =HYPERLINK(".\sm_car_250418_1417\sm_car_250418_1417_079_Ca218TrN_MaWOT_ode23t.png","figure") -> figure | P80: Pass
A81: 80 | B81: 218 | C81: HambaLG | D81: MacPh | E81: MFMbody | F81: steady | G81: fCVpCVr1D | H81: None | I81: Low Speed Steer | J81: ode23t | K81: 480 | L81: 5.0460259 | M81: 70.957719 | N81: -0.53383747 | O81: =HYPERLINK(".\sm_car_250418_1417\sm_car_250418_1417_080_Ca218TrN_MaLSS_ode23t.png","figure") -> figure | P81: Pass
A82: 81 | B82: 219 | C82: HambaLG | D82: dwbAU | E82: MFMbody | F82: steady | G82: fCVpCVr1D | H82: None | I82: WOT Braking | J82: ode23t | K82: 400 | L82: 7.0693 | M82: 229.82388 | N82: 0.16995736 | O82: =HYPERLINK(".\sm_car_250418_1417\sm_car_250418_1417_081_Ca219TrN_MaWOT_ode23t.png","figure") -> figure | P82: Pass
A83: 82 | B83: 219 | C83: HambaLG | D83: dwbAU | E83: MFMbody | F83: steady | G83: fCVpCVr1D | H83: None | I83: Low Speed Steer | J83: ode23t | K83: 511 | L83: 8.3353701 | M83: 70.791188 | N83: -0.55462547 | O83: =HYPERLINK(".\sm_car_250418_1417\sm_car_250418_1417_082_Ca219TrN_MaLSS_ode23t.png","figure") -> figure | P83: Pass
A84: 83 | B84: 220 | C84: HambaLG | D84: dwbAU | E84: MFMbody | F84: bushings | G84: fCVpCVr1D | H84: None | I84: WOT Braking | J84: ode23t | K84: 928 | L84: 30.054886 | M84: 223.91879 | N84: -1.1975271 | O84: =HYPERLINK(".\sm_car_250418_1417\sm_car_250418_1417_083_Ca220TrN_MaWOT_ode23t.png","figure") -> figure | P84: Pass
A85: 84 | B85: 220 | C85: HambaLG | D85: dwbAU | E85: MFMbody | F85: bushings | G85: fCVpCVr1D | H85: None | I85: Low Speed Steer | J85: ode23t | K85: 1093 | L85: 37.154778 | M85: 69.477638 | N85: -1.4965403 | O85: =HYPERLINK(".\sm_car_250418_1417\sm_car_250418_1417_084_Ca220TrN_MaLSS_ode23t.png","figure") -> figure | P85: Pass
A86: 85 | B86: 223 | C86: Achilles | D86: dwpush | E86: MFMbody | F86: steady | G86: f1Dr1D | H86: None | I86: WOT Braking | J86: ode23t | K86: 472 | L86: 7.0638273 | M86: 293.1795 | N86: 0.00015062755 | O86: =HYPERLINK(".\sm_car_250418_1417\sm_car_250418_1417_085_Ca223TrN_MaWOT_ode23t.png","figure") -> figure | P86: Pass
A87: 86 | B87: 223 | C87: Achilles | D87: dwpush | E87: MFMbody | F87: steady | G87: f1Dr1D | H87: None | I87: Low Speed Steer | J87: ode23t | K87: 659 | L87: 7.2742399 | M87: 103.53338 | N87: -0.15030927 | O87: =HYPERLINK(".\sm_car_250418_1417\sm_car_250418_1417_086_Ca223TrN_MaLSS_ode23t.png","figure") -> figure | P87: Pass
A88: 87 | B88: 227 | C88: Hamba | D88: TwistBeam | E88: MFMbody | F88: steady | G88: fCVpCVr1D | H88: None | I88: WOT Braking | J88: ode23t | K88: 608 | L88: 18.604945 | M88: 409.16205 | N88: 1.6076875 | O88: =HYPERLINK(".\sm_car_250418_1417\sm_car_250418_1417_087_Ca227TrN_MaWOT_ode23t.png","figure") -> figure | P88: Pass
A89: 88 | B89: 227 | C89: Hamba | D89: TwistBeam | E89: MFMbody | F89: steady | G89: fCVpCVr1D | H89: None | I89: Low Speed Steer | J89: ode23t | K89: 649 | L89: 13.07811 | M89: 156.22718 | N89: -0.37160894 | O89: =HYPERLINK(".\sm_car_250418_1417\sm_car_250418_1417_088_Ca227TrN_MaLSS_ode23t.png","figure") -> figure | P89: Pass
A90: 89 | B90: 8 | C90: HambaLG | D90: dwb | E90: MFSwift | F90: steady | G90: f1Dr1D | H90: None | I90: WOT Braking | J90: ode23t | K90: 385 | L90: 10.4203 | M90: 231.36015 | N90: -0.0046585454 | O90: =HYPERLINK(".\sm_car_250418_1417\sm_car_250418_1417_089_Ca008TrN_MaWOT_ode23t_1.png","figure") -> figure | P90: Pass
A91: 90 | B91: 8 | C91: HambaLG | D91: dwb | E91: MFSwift | F91: steady | G91: f1Dr1D | H91: None | I91: Low Speed Steer | J91: ode23t | K91: 554 | L91: 13.034118 | M91: 71.25763 | N91: -0.53955684 | O91: =HYPERLINK(".\sm_car_250418_1417\sm_car_250418_1417_090_Ca008TrN_MaLSS_ode23t_1.png","figure") -> figure | P91: Pass
A92: 91 | B92: 9 | C92: HambaLG | D92: dwb | E92: MFSwift | F92: steady | G92: f1D3Dr1D | H92: None | I92: WOT Braking | J92: ode23t | K92: 382 | L92: 12.04639 | M92: 230.33869 | N92: -0.012107781 | O92: =HYPERLINK(".\sm_car_250418_1417\sm_car_250418_1417_091_Ca009TrN_MaWOT_ode23t_1.png","figure") -> figure | P92: Pass
A93: 92 | B93: 9 | C93: HambaLG | D93: dwb | E93: MFSwift | F93: steady | G93: f1D3Dr1D | H93: None | I93: Low Speed Steer | J93: ode23t | K93: 548 | L93: 14.266101 | M93: 70.965177 | N93: -0.53270421 | O93: =HYPERLINK(".\sm_car_250418_1417\sm_car_250418_1417_092_Ca009TrN_MaLSS_ode23t_1.png","figure") -> figure | P93: Pass
A94: 93 | B94: 10 | C94: HambaLG | D94: dwb | E94: MFSwift | F94: steady | G94: fCVpCVr1D | H94: None | I94: WOT Braking | J94: ode23t | K94: 405 | L94: 13.216235 | M94: 230.40078 | N94: 0.05132129 | O94: =HYPERLINK(".\sm_car_250418_1417\sm_car_250418_1417_093_Ca010TrN_MaWOT_ode23t_1.png","figure") -> figure | P94: Pass
A95: 94 | B95: 10 | C95: HambaLG | D95: dwb | E95: MFSwift | F95: steady | G95: fCVpCVr1D | H95: None | I95: Low Speed Steer | J95: ode23t | K95: 562 | L95: 16.728786 | M95: 70.974098 | N95: -0.52247163 | O95: =HYPERLINK(".\sm_car_250418_1417\sm_car_250418_1417_094_Ca010TrN_MaLSS_ode23t_1.png","figure") -> figure | P95: Pass
A96: 95 | B96: 11 | C96: HambaLG | D96: dwb | E96: MFSwift | F96: steady | G96: fCVpCVflexr1D | H96: None | I96: WOT Braking | J96: ode23t | K96: 446 | L96: 15.046056 | M96: 229.80776 | N96: 0.05870835 | O96: =HYPERLINK(".\sm_car_250418_1417\sm_car_250418_1417_095_Ca011TrN_MaWOT_ode23t_1.png","figure") -> figure | P96: Pass
A97: 96 | B97: 11 | C97: HambaLG | D97: dwb | E97: MFSwift | F97: steady | G97: fCVpCVflexr1D | H97: None | I97: Low Speed Steer | J97: ode23t | K97: 589 | L97: 17.73606 | M97: 70.83872 | N97: -0.51827614 | O97: =HYPERLINK(".\sm_car_250418_1417\sm_car_250418_1417_096_Ca011TrN_MaLSS_ode23t_1.png","figure") -> figure | P97: Pass
A98: 97 | B98: 12 | C98: HambaLG | D98: dwb | E98: MFSwift | F98: lintra | G98: f1Dr1D | H98: None | I98: WOT Braking | J98: ode23t | K98: 837 | L98: 11.466691 | M98: 231.18598 | N98: -0.0035116877 | O98: =HYPERLINK(".\sm_car_250418_1417\sm_car_250418_1417_097_Ca012TrN_MaWOT_ode23t_1.png","figure") -> figure | P98: Pass
A99: 98 | B99: 12 | C99: HambaLG | D99: dwb | E99: MFSwift | F99: lintra | G99: f1Dr1D | H99: None | I99: Low Speed Steer | J99: ode23t | K99: 980 | L99: 12.631624 | M99: 71.260563 | N99: -0.5432734 | O99: =HYPERLINK(".\sm_car_250418_1417\sm_car_250418_1417_098_Ca012TrN_MaLSS_ode23t_1.png","figure") -> figure | P99: Pass
A100: 99 | B100: 13 | C100: HambaLG | D100: dwb | E100: MFSwift | F100: lintra | G100: f1D3Dr1D | H100: None | I100: WOT Braking | J100: ode23t | K100: 859 | L100: 13.563372 | M100: 230.35824 | N100: -0.011586796 | O100: =HYPERLINK(".\sm_car_250418_1417\sm_car_250418_1417_099_Ca013TrN_MaWOT_ode23t_1.png","figure") -> figure | P100: Pass
...

Sheet 2022a_250503_1632
A1: Run | B1: Preset | C1: Body | D1: SuspF | E1: Tire | F1: TirDyn | G1: Drv | H1: Trail | I1: Mane | J1: Solv | K1: # Steps | L1: Time | M1: xFinal | N1: yFinal | O1: Figure | P1: Pass | R1: 03-May-2025 19:15:08
A2: 1 | B2: 0 | C2: HambaLG | D2: dwb | E2: MFEval | F2: steady | G2: f1Dr1D | H2: None | I2: WOT Braking | J2: ode23t | K2: 429 | L2: 7.5553789 | M2: 231.11452 | N2: -0.0051214569 | O2: =HYPERLINK(".\sm_car_250503_1632\sm_car_250503_1632_001_Ca000TrN_MaWOT_ode23t.png","figure") -> figure | P2: Pass | R2: MATHWORKS-OL1OH
A3: 2 | B3: 0 | C3: HambaLG | D3: dwb | E3: MFEval | F3: steady | G3: f1Dr1D | H3: None | I3: Low Speed Steer | J3: ode23t | K3: 525 | L3: 7.8671312 | M3: 71.235932 | N3: -0.53998686 | O3: =HYPERLINK(".\sm_car_250503_1632\sm_car_250503_1632_002_Ca000TrN_MaLSS_ode23t.png","figure") -> figure | P3: Pass | R3: 9.12.0.2529717 (R2022a) Update 8
A4: 3 | B4: 1 | C4: HambaLG | D4: dwb | E4: MFEval | F4: steady | G4: f1D3Dr1D | H4: None | I4: WOT Braking | J4: ode23t | K4: 408 | L4: 10.580148 | M4: 230.12646 | N4: -0.016493096 | O4: =HYPERLINK(".\sm_car_250503_1632\sm_car_250503_1632_003_Ca001TrN_MaWOT_ode23t.png","figure") -> figure | P4: Pass | R4: MF-Swift Version: 2306
A5: 4 | B5: 1 | C5: HambaLG | D5: dwb | E5: MFEval | F5: steady | G5: f1D3Dr1D | H5: None | I5: Low Speed Steer | J5: ode23t | K5: 548 | L5: 12.087816 | M5: 70.963278 | N5: -0.53464152 | O5: =HYPERLINK(".\sm_car_250503_1632\sm_car_250503_1632_004_Ca001TrN_MaLSS_ode23t.png","figure") -> figure | P5: Pass | R5: R22asrc v4p0 NewGeo Rhuqa
A6: 5 | B6: 2 | C6: HambaLG | D6: dwb | E6: MFEval | F6: steady | G6: fCVpCVr1D | H6: None | I6: WOT Braking | J6: ode23t | K6: 452 | L6: 16.606172 | M6: 230.39044 | N6: 0.04836775 | O6: =HYPERLINK(".\sm_car_250503_1632\sm_car_250503_1632_005_Ca002TrN_MaWOT_ode23t.png","figure") -> figure | P6: Pass
A7: 6 | B7: 2 | C7: HambaLG | D7: dwb | E7: MFEval | F7: steady | G7: fCVpCVr1D | H7: None | I7: Low Speed Steer | J7: ode23t | K7: 525 | L7: 13.743795 | M7: 70.954548 | N7: -0.52923719 | O7: =HYPERLINK(".\sm_car_250503_1632\sm_car_250503_1632_006_Ca002TrN_MaLSS_ode23t.png","figure") -> figure | P7: Pass
A8: 7 | B8: 3 | C8: HambaLG | D8: dwb | E8: MFEval | F8: steady | G8: fCVpCVflexr1D | H8: None | I8: WOT Braking | J8: ode23t | K8: 480 | L8: 17.71135 | M8: 229.9162 | N8: 0.046683525 | O8: =HYPERLINK(".\sm_car_250503_1632\sm_car_250503_1632_007_Ca003TrN_MaWOT_ode23t.png","figure") -> figure | P8: Pass
A9: 8 | B9: 3 | C9: HambaLG | D9: dwb | E9: MFEval | F9: steady | G9: fCVpCVflexr1D | H9: None | I9: Low Speed Steer | J9: ode23t | K9: 561 | L9: 16.600971 | M9: 70.822085 | N9: -0.5290428 | O9: =HYPERLINK(".\sm_car_250503_1632\sm_car_250503_1632_008_Ca003TrN_MaLSS_ode23t.png","figure") -> figure | P9: Pass
A10: 9 | B10: 4 | C10: HambaLG | D10: dwb | E10: MFEval | F10: lintra | G10: f1Dr1D | H10: None | I10: WOT Braking | J10: ode23t | K10: 1091 | L10: 17.589329 | M10: 231.31513 | N10: -0.0036827351 | O10: =HYPERLINK(".\sm_car_250503_1632\sm_car_250503_1632_009_Ca004TrN_MaWOT_ode23t.png","figure") -> figure | P10: Pass
A11: 10 | B11: 4 | C11: HambaLG | D11: dwb | E11: MFEval | F11: lintra | G11: f1Dr1D | H11: None | I11: Low Speed Steer | J11: ode23t | K11: 1207 | L11: 18.348612 | M11: 71.24777 | N11: -0.54207235 | O11: =HYPERLINK(".\sm_car_250503_1632\sm_car_250503_1632_010_Ca004TrN_MaLSS_ode23t.png","figure") -> figure | P11: Pass
A12: 11 | B12: 5 | C12: HambaLG | D12: dwb | E12: MFEval | F12: lintra | G12: f1D3Dr1D | H12: None | I12: WOT Braking | J12: ode23t | K12: 1126 | L12: 13.859103 | M12: 230.26344 | N12: -0.011772976 | O12: =HYPERLINK(".\sm_car_250503_1632\sm_car_250503_1632_011_Ca005TrN_MaWOT_ode23t.png","figure") -> figure | P12: Pass
A13: 12 | B13: 5 | C13: HambaLG | D13: dwb | E13: MFEval | F13: lintra | G13: f1D3Dr1D | H13: None | I13: Low Speed Steer | J13: ode23t | K13: 1233 | L13: 14.993568 | M13: 70.962051 | N13: -0.53568682 | O13: =HYPERLINK(".\sm_car_250503_1632\sm_car_250503_1632_012_Ca005TrN_MaLSS_ode23t.png","figure") -> figure | P13: Pass
A14: 13 | B14: 6 | C14: HambaLG | D14: dwb | E14: MFEval | F14: lintra | G14: fCVpCVr1D | H14: None | I14: WOT Braking | J14: ode23t | K14: 1222 | L14: 17.997029 | M14: 230.23362 | N14: 0.055380981 | O14: =HYPERLINK(".\sm_car_250503_1632\sm_car_250503_1632_013_Ca006TrN_MaWOT_ode23t.png","figure") -> figure | P14: Pass
A15: 14 | B15: 6 | C15: HambaLG | D15: dwb | E15: MFEval | F15: lintra | G15: fCVpCVr1D | H15: None | I15: Low Speed Steer | J15: ode23t | K15: 1278 | L15: 15.882968 | M15: 70.959563 | N15: -0.53249348 | O15: =HYPERLINK(".\sm_car_250503_1632\sm_car_250503_1632_014_Ca006TrN_MaLSS_ode23t.png","figure") -> figure | P15: Pass
A16: 15 | B16: 7 | C16: HambaLG | D16: dwb | E16: MFEval | F16: lintra | G16: fCVpCVflexr1D | H16: None | I16: WOT Braking | J16: ode23t | K16: 1223 | L16: 19.596723 | M16: 229.86143 | N16: 0.051833529 | O16: =HYPERLINK(".\sm_car_250503_1632\sm_car_250503_1632_015_Ca007TrN_MaWOT_ode23t.png","figure") -> figure | P16: Pass
A17: 16 | B17: 7 | C17: HambaLG | D17: dwb | E17: MFEval | F17: lintra | G17: fCVpCVflexr1D | H17: None | I17: Low Speed Steer | J17: ode23t | K17: 1288 | L17: 17.336203 | M17: 70.837756 | N17: -0.52963179 | O17: =HYPERLINK(".\sm_car_250503_1632\sm_car_250503_1632_016_Ca007TrN_MaLSS_ode23t.png","figure") -> figure | P17: Pass
A18: 17 | B18: 16 | C18: HambaLG | D18: dwa | E18: MFEval | F18: steady | G18: f1Dr1D | H18: None | I18: WOT Braking | J18: ode23t | K18: 410 | L18: 5.9619219 | M18: 231.87837 | N18: -0.071467367 | O18: =HYPERLINK(".\sm_car_250503_1632\sm_car_250503_1632_017_Ca016TrN_MaWOT_ode23t.png","figure") -> figure | P18: Pass
A19: 18 | B19: 16 | C19: HambaLG | D19: dwa | E19: MFEval | F19: steady | G19: f1Dr1D | H19: None | I19: Low Speed Steer | J19: ode23t | K19: 484 | L19: 5.9954811 | M19: 71.522829 | N19: -0.021777472 | O19: =HYPERLINK(".\sm_car_250503_1632\sm_car_250503_1632_018_Ca016TrN_MaLSS_ode23t.png","figure") -> figure | P19: Pass
A20: 19 | B20: 32 | C20: HambaLG | D20: S2LAF | E20: MFEval | F20: steady | G20: f1Dr1D | H20: None | I20: WOT Braking | J20: ode23t | K20: 403 | L20: 7.7026898 | M20: 231.33777 | N20: 0.0085884741 | O20: =HYPERLINK(".\sm_car_250503_1632\sm_car_250503_1632_019_Ca032TrN_MaWOT_ode23t.png","figure") -> figure | P20: Pass
A21: 20 | B21: 32 | C21: HambaLG | D21: S2LAF | E21: MFEval | F21: steady | G21: f1Dr1D | H21: None | I21: Low Speed Steer | J21: ode23t | K21: 522 | L21: 8.7544444 | M21: 71.250271 | N21: -0.52248177 | O21: =HYPERLINK(".\sm_car_250503_1632\sm_car_250503_1632_020_Ca032TrN_MaLSS_ode23t.png","figure") -> figure | P21: Pass
A22: 21 | B22: 48 | C22: HambaLG | D22: S2LAR | E22: MFEval | F22: steady | G22: f1Dr1D | H22: None | I22: WOT Braking | J22: ode23t | K22: 408 | L22: 8.1617667 | M22: 231.18644 | N22: -0.018818384 | O22: =HYPERLINK(".\sm_car_250503_1632\sm_car_250503_1632_021_Ca048TrN_MaWOT_ode23t.png","figure") -> figure | P22: Pass
A23: 22 | B23: 48 | C23: HambaLG | D23: S2LAR | E23: MFEval | F23: steady | G23: f1Dr1D | H23: None | I23: Low Speed Steer | J23: ode23t | K23: 517 | L23: 9.0445171 | M23: 71.250011 | N23: -0.52943743 | O23: =HYPERLINK(".\sm_car_250503_1632\sm_car_250503_1632_022_Ca048TrN_MaLSS_ode23t.png","figure") -> figure | P23: Pass
A24: 23 | B24: 64 | C24: HambaLG | D24: 5S2LAF | E24: MFEval | F24: steady | G24: f1Dr1D | H24: None | I24: WOT Braking | J24: ode23t | K24: 404 | L24: 8.8763699 | M24: 230.97836 | N24: 0.012122513 | O24: =HYPERLINK(".\sm_car_250503_1632\sm_car_250503_1632_023_Ca064TrN_MaWOT_ode23t.png","figure") -> figure | P24: Pass
A25: 24 | B25: 64 | C25: HambaLG | D25: 5S2LAF | E25: MFEval | F25: steady | G25: f1Dr1D | H25: None | I25: Low Speed Steer | J25: ode23t | K25: 526 | L25: 9.4149966 | M25: 71.25403 | N25: -0.51695449 | O25: =HYPERLINK(".\sm_car_250503_1632\sm_car_250503_1632_024_Ca064TrN_MaLSS_ode23t.png","figure") -> figure | P25: Pass
A26: 25 | B26: 80 | C26: HambaLG | D26: 5S2LAR | E26: MFEval | F26: steady | G26: f1Dr1D | H26: None | I26: WOT Braking | J26: ode23t | K26: 405 | L26: 8.656614 | M26: 231.35068 | N26: -0.016861324 | O26: =HYPERLINK(".\sm_car_250503_1632\sm_car_250503_1632_025_Ca080TrN_MaWOT_ode23t.png","figure") -> figure | P26: Pass
A27: 26 | B27: 80 | C27: HambaLG | D27: 5S2LAR | E27: MFEval | F27: steady | G27: f1Dr1D | H27: None | I27: Low Speed Steer | J27: ode23t | K27: 518 | L27: 8.9297416 | M27: 71.247389 | N27: -0.52615633 | O27: =HYPERLINK(".\sm_car_250503_1632\sm_car_250503_1632_026_Ca080TrN_MaLSS_ode23t.png","figure") -> figure | P27: Pass
A28: 27 | B28: 96 | C28: HambaLG | D28: 5CS2LAF | E28: MFEval | F28: steady | G28: f1Dr1D | H28: None | I28: WOT Braking | J28: ode23t | K28: 406 | L28: 6.7357837 | M28: 233.06162 | N28: 0.019090483 | O28: =HYPERLINK(".\sm_car_250503_1632\sm_car_250503_1632_027_Ca096TrN_MaWOT_ode23t.png","figure") -> figure | P28: Pass
A29: 28 | B29: 96 | C29: HambaLG | D29: 5CS2LAF | E29: MFEval | F29: steady | G29: f1Dr1D | H29: None | I29: Low Speed Steer | J29: ode23t | K29: 523 | L29: 7.0712004 | M29: 71.761267 | N29: -0.52764493 | O29: =HYPERLINK(".\sm_car_250503_1632\sm_car_250503_1632_028_Ca096TrN_MaLSS_ode23t.png","figure") -> figure | P29: Pass
A30: 29 | B30: 112 | C30: HambaLG | D30: 15DOF | E30: MFEval | F30: steady | G30: f1Dr1D | H30: None | I30: WOT Braking | J30: ode23t | K30: 375 | L30: 2.6015753 | M30: 242.73652 | N30: 0.23553469 | O30: =HYPERLINK(".\sm_car_250503_1632\sm_car_250503_1632_029_Ca112TrN_MaWOT_ode23t.png","figure") -> figure | P30: Pass
A31: 30 | B31: 112 | C31: HambaLG | D31: 15DOF | E31: MFEval | F31: steady | G31: f1Dr1D | H31: None | I31: Low Speed Steer | J31: ode23t | K31: 477 | L31: 2.9234226 | M31: 74.668188 | N31: -0.33909359 | O31: =HYPERLINK(".\sm_car_250503_1632\sm_car_250503_1632_030_Ca112TrN_MaLSS_ode23t.png","figure") -> figure | P31: Pass
A32: 31 | B32: 113 | C32: HambaLG | D32: 15DOF | E32: MFEval | F32: steady | G32: f1D3Dr1D | H32: None | I32: WOT Braking | J32: ode23t | K32: 376 | L32: 3.1817986 | M32: 241.63756 | N32: 0.23234184 | O32: =HYPERLINK(".\sm_car_250503_1632\sm_car_250503_1632_031_Ca113TrN_MaWOT_ode23t.png","figure") -> figure | P32: Pass
A33: 32 | B33: 113 | C33: HambaLG | D33: 15DOF | E33: MFEval | F33: steady | G33: f1D3Dr1D | H33: None | I33: Low Speed Steer | J33: ode23t | K33: 475 | L33: 3.4228185 | M33: 74.340329 | N33: -0.33372968 | O33: =HYPERLINK(".\sm_car_250503_1632\sm_car_250503_1632_032_Ca113TrN_MaLSS_ode23t.png","figure") -> figure | P33: Pass
A34: 33 | B34: 114 | C34: HambaLG | D34: 15DOF | E34: MFEval | F34: steady | G34: fCVpCVr1D | H34: None | I34: WOT Braking | J34: ode23t | K34: 376 | L34: 3.3100036 | M34: 241.59708 | N34: 0.23361526 | O34: =HYPERLINK(".\sm_car_250503_1632\sm_car_250503_1632_033_Ca114TrN_MaWOT_ode23t.png","figure") -> figure | P34: Pass
A35: 34 | B35: 114 | C35: HambaLG | D35: 15DOF | E35: MFEval | F35: steady | G35: fCVpCVr1D | H35: None | I35: Low Speed Steer | J35: ode23t | K35: 476 | L35: 3.7278824 | M35: 74.346135 | N35: -0.33360834 | O35: =HYPERLINK(".\sm_car_250503_1632\sm_car_250503_1632_034_Ca114TrN_MaLSS_ode23t.png","figure") -> figure | P35: Pass
A36: 35 | B36: 115 | C36: HambaLG | D36: 15DOF | E36: MFEval | F36: steady | G36: fCVpCVflexr1D | H36: None | I36: WOT Braking | J36: ode23t | K36: 394 | L36: 3.6072897 | M36: 241.18133 | N36: 0.23106196 | O36: =HYPERLINK(".\sm_car_250503_1632\sm_car_250503_1632_035_Ca115TrN_MaWOT_ode23t.png","figure") -> figure | P36: Pass
A37: 36 | B37: 115 | C37: HambaLG | D37: 15DOF | E37: MFEval | F37: steady | G37: fCVpCVflexr1D | H37: None | I37: Low Speed Steer | J37: ode23t | K37: 509 | L37: 4.0179244 | M37: 74.216847 | N37: -0.33161655 | O37: =HYPERLINK(".\sm_car_250503_1632\sm_car_250503_1632_036_Ca115TrN_MaLSS_ode23t.png","figure") -> figure | P37: Pass
A38: 37 | B38: 116 | C38: HambaLG | D38: 15DOF | E38: MFEval | F38: lintra | G38: f1Dr1D | H38: None | I38: WOT Braking | J38: ode23t | K38: 925 | L38: 4.5654478 | M38: 242.65071 | N38: 0.23720006 | O38: =HYPERLINK(".\sm_car_250503_1632\sm_car_250503_1632_037_Ca116TrN_MaWOT_ode23t.png","figure") -> figure | P38: Pass
A39: 38 | B39: 116 | C39: HambaLG | D39: 15DOF | E39: MFEval | F39: lintra | G39: f1Dr1D | H39: None | I39: Low Speed Steer | J39: ode23t | K39: 1063 | L39: 5.5984129 | M39: 74.66365 | N39: -0.3402209 | O39: =HYPERLINK(".\sm_car_250503_1632\sm_car_250503_1632_038_Ca116TrN_MaLSS_ode23t.png","figure") -> figure | P39: Pass
A40: 39 | B40: 117 | C40: HambaLG | D40: 15DOF | E40: MFEval | F40: lintra | G40: f1D3Dr1D | H40: None | I40: WOT Braking | J40: ode23t | K40: 971 | L40: 5.9594938 | M40: 241.57063 | N40: 0.23372792 | O40: =HYPERLINK(".\sm_car_250503_1632\sm_car_250503_1632_039_Ca117TrN_MaWOT_ode23t.png","figure") -> figure | P40: Pass
A41: 40 | B41: 117 | C41: HambaLG | D41: 15DOF | E41: MFEval | F41: lintra | G41: f1D3Dr1D | H41: None | I41: Low Speed Steer | J41: ode23t | K41: 1083 | L41: 6.4697101 | M41: 74.339612 | N41: -0.33675109 | O41: =HYPERLINK(".\sm_car_250503_1632\sm_car_250503_1632_040_Ca117TrN_MaLSS_ode23t.png","figure") -> figure | P41: Pass
A42: 41 | B42: 118 | C42: HambaLG | D42: 15DOF | E42: MFEval | F42: lintra | G42: fCVpCVr1D | H42: None | I42: WOT Braking | J42: ode23t | K42: 960 | L42: 5.6287587 | M42: 241.50618 | N42: 0.23279368 | O42: =HYPERLINK(".\sm_car_250503_1632\sm_car_250503_1632_041_Ca118TrN_MaWOT_ode23t.png","figure") -> figure | P42: Pass
A43: 42 | B43: 118 | C43: HambaLG | D43: 15DOF | E43: MFEval | F43: lintra | G43: fCVpCVr1D | H43: None | I43: Low Speed Steer | J43: ode23t | K43: 1070 | L43: 6.3972875 | M43: 74.336097 | N43: -0.33141482 | O43: =HYPERLINK(".\sm_car_250503_1632\sm_car_250503_1632_042_Ca118TrN_MaLSS_ode23t.png","figure") -> figure | P43: Pass
A44: 43 | B44: 119 | C44: HambaLG | D44: 15DOF | E44: MFEval | F44: lintra | G44: fCVpCVflexr1D | H44: None | I44: WOT Braking | J44: ode23t | K44: 999 | L44: 5.9003584 | M44: 241.12066 | N44: 0.22696432 | O44: =HYPERLINK(".\sm_car_250503_1632\sm_car_250503_1632_043_Ca119TrN_MaWOT_ode23t.png","figure") -> figure | P44: Pass
A45: 44 | B45: 119 | C45: HambaLG | D45: 15DOF | E45: MFEval | F45: lintra | G45: fCVpCVflexr1D | H45: None | I45: Low Speed Steer | J45: ode23t | K45: 1128 | L45: 6.9222615 | M45: 74.19281 | N45: -0.33454338 | O45: =HYPERLINK(".\sm_car_250503_1632\sm_car_250503_1632_044_Ca119TrN_MaLSS_ode23t.png","figure") -> figure | P45: Pass
A46: 45 | B46: 128 | C46: HambaLG | D46: dwb | E46: MFMbody | F46: steady | G46: oneShaft | H46: None | I46: WOT Braking | J46: ode23t | K46: 339 | L46: 6.2789677 | M46: 99.834815 | N46: -0.018361776 | O46: =HYPERLINK(".\sm_car_250503_1632\sm_car_250503_1632_045_Ca128TrN_MaWOT_ode23t.png","figure") -> figure | P46: Pass
A47: 46 | B47: 128 | C47: HambaLG | D47: dwb | E47: MFMbody | F47: steady | G47: oneShaft | H47: None | I47: Low Speed Steer | J47: ode23t | K47: 452 | L47: 7.49948 | M47: 36.976805 | N47: -0.13041331 | O47: =HYPERLINK(".\sm_car_250503_1632\sm_car_250503_1632_046_Ca128TrN_MaLSS_ode23t.png","figure") -> figure | P47: Pass
A48: 47 | B48: 129 | C48: HambaLG | D48: dwb | E48: MFMbody | F48: steady | G48: fCVrCV | H48: None | I48: WOT Braking | J48: ode23t | K48: 344 | L48: 7.5039687 | M48: 229.36296 | N48: 0.061424262 | O48: =HYPERLINK(".\sm_car_250503_1632\sm_car_250503_1632_047_Ca129TrN_MaWOT_ode23t.png","figure") -> figure | P48: Pass
A49: 48 | B49: 129 | C49: HambaLG | D49: dwb | E49: MFMbody | F49: steady | G49: fCVrCV | H49: None | I49: Low Speed Steer | J49: ode23t | K49: 473 | L49: 8.9486248 | M49: 70.689465 | N49: -0.52928197 | O49: =HYPERLINK(".\sm_car_250503_1632\sm_car_250503_1632_048_Ca129TrN_MaLSS_ode23t.png","figure") -> figure | P49: Pass
A50: 49 | B50: 130 | C50: HambaLG | D50: dwb | E50: MFEval | F50: steady | G50: 1D3DABS | H50: None | I50: WOT Braking | J50: ode23t | K50: 796 | L50: 23.432651 | M50: 217.1399 | N50: -1.5378134 | O50: =HYPERLINK(".\sm_car_250503_1632\sm_car_250503_1632_049_Ca130TrN_MaWOT_ode23t.png","figure") -> figure | P50: Pass
A51: 50 | B51: 130 | C51: HambaLG | D51: dwb | E51: MFEval | F51: steady | G51: 1D3DABS | H51: None | I51: Low Speed Steer | J51: ode23t | K51: 776 | L51: 22.132812 | M51: 68.770133 | N51: -0.54742392 | O51: =HYPERLINK(".\sm_car_250503_1632\sm_car_250503_1632_050_Ca130TrN_MaLSS_ode23t.png","figure") -> figure | P51: Pass
A52: 51 | B52: 131 | C52: HambaLG | D52: dwb | E52: MFMbody | F52: steady | G52: sprFnl | H52: None | I52: WOT Braking | J52: ode23t | K52: 345 | L52: 4.9342598 | M52: 230.34159 | N52: -0.044327952 | O52: =HYPERLINK(".\sm_car_250503_1632\sm_car_250503_1632_051_Ca131TrN_MaWOT_ode23t.png","figure") -> figure | P52: Pass
A53: 52 | B53: 131 | C53: HambaLG | D53: dwb | E53: MFMbody | F53: steady | G53: sprFnl | H53: None | I53: Low Speed Steer | J53: ode23t | K53: 491 | L53: 5.6489335 | M53: 70.963683 | N53: -0.54153808 | O53: =HYPERLINK(".\sm_car_250503_1632\sm_car_250503_1632_052_Ca131TrN_MaLSS_ode23t.png","figure") -> figure | P53: Pass
A54: 53 | B54: 132 | C54: HambaLG | D54: dwb | E54: MFMbody | F54: steady | G54: sprconRnl | H54: None | I54: WOT Braking | J54: ode23t | K54: 338 | L54: 4.7188297 | M54: 230.35454 | N54: -0.0083108905 | O54: =HYPERLINK(".\sm_car_250503_1632\sm_car_250503_1632_053_Ca132TrN_MaWOT_ode23t.png","figure") -> figure | P54: Pass
A55: 54 | B55: 132 | C55: HambaLG | D55: dwb | E55: MFMbody | F55: steady | G55: sprconRnl | H55: None | I55: Low Speed Steer | J55: ode23t | K55: 495 | L55: 5.9406125 | M55: 70.956702 | N55: -0.53549193 | O55: =HYPERLINK(".\sm_car_250503_1632\sm_car_250503_1632_054_Ca132TrN_MaLSS_ode23t.png","figure") -> figure | P55: Pass
A56: 55 | B56: 133 | C56: HambaLG | D56: dwb | E56: MFMbody | F56: steady | G56: sprLin | H56: None | I56: WOT Braking | J56: ode23t | K56: 353 | L56: 4.736232 | M56: 230.1746 | N56: -0.0094965514 | O56: =HYPERLINK(".\sm_car_250503_1632\sm_car_250503_1632_055_Ca133TrN_MaWOT_ode23t.png","figure") -> figure | P56: Pass
A57: 56 | B57: 133 | C57: HambaLG | D57: dwb | E57: MFMbody | F57: steady | G57: sprLin | H57: None | I57: Low Speed Steer | J57: ode23t | K57: 511 | L57: 6.0626936 | M57: 70.970956 | N57: -0.53566152 | O57: =HYPERLINK(".\sm_car_250503_1632\sm_car_250503_1632_056_Ca133TrN_MaLSS_ode23t.png","figure") -> figure | P57: Pass
A58: 57 | B58: 134 | C58: HambaLG | D58: dwb | E58: MFMbody | F58: steady | G58: daminRnl | H58: None | I58: WOT Braking | J58: ode23t | K58: 353 | L58: 5.1532719 | M58: 230.34127 | N58: -0.009533777 | O58: =HYPERLINK(".\sm_car_250503_1632\sm_car_250503_1632_057_Ca134TrN_MaWOT_ode23t.png","figure") -> figure | P58: Pass
A59: 58 | B59: 134 | C59: HambaLG | D59: dwb | E59: MFMbody | F59: steady | G59: daminRnl | H59: None | I59: Low Speed Steer | J59: ode23t | K59: 506 | L59: 6.1056018 | M59: 70.975162 | N59: -0.5357198 | O59: =HYPERLINK(".\sm_car_250503_1632\sm_car_250503_1632_058_Ca134TrN_MaLSS_ode23t.png","figure") -> figure | P59: Pass
A60: 59 | B60: 135 | C60: HambaLG | D60: dwb | E60: MFMbody | F60: steady | G60: damconFnl | H60: None | I60: WOT Braking | J60: ode23t | K60: 349 | L60: 4.9719797 | M60: 230.18214 | N60: -0.011736646 | O60: =HYPERLINK(".\sm_car_250503_1632\sm_car_250503_1632_059_Ca135TrN_MaWOT_ode23t.png","figure") -> figure | P60: Pass
A61: 60 | B61: 135 | C61: HambaLG | D61: dwb | E61: MFMbody | F61: steady | G61: damconFnl | H61: None | I61: Low Speed Steer | J61: ode23t | K61: 485 | L61: 5.8234021 | M61: 70.979372 | N61: -0.52620612 | O61: =HYPERLINK(".\sm_car_250503_1632\sm_car_250503_1632_060_Ca135TrN_MaLSS_ode23t.png","figure") -> figure | P61: Pass
A62: 61 | B62: 136 | C62: HambaLG | D62: dwb | E62: MFMbody | F62: steady | G62: CVCVp1D | H62: None | I62: WOT Braking | J62: ode23t | K62: 363 | L62: 6.452993 | M62: 229.92353 | N62: 0.050730205 | O62: =HYPERLINK(".\sm_car_250503_1632\sm_car_250503_1632_061_Ca136TrN_MaWOT_ode23t.png","figure") -> figure | P62: Pass
A63: 62 | B63: 136 | C63: HambaLG | D63: dwb | E63: MFMbody | F63: steady | G63: CVCVp1D | H63: None | I63: Low Speed Steer | J63: ode23t | K63: 487 | L63: 6.9158485 | M63: 70.970821 | N63: -0.5218349 | O63: =HYPERLINK(".\sm_car_250503_1632\sm_car_250503_1632_062_Ca136TrN_MaLSS_ode23t.png","figure") -> figure | P63: Pass
A64: 63 | B64: 137 | C64: HambaLG | D64: dwb | E64: MFMbody | F64: steady | G64: f1Dr1D | H64: None | I64: WOT Braking | J64: ode23t | K64: 332 | L64: 4.4065677 | M64: 231.29512 | N64: 0.14156644 | O64: =HYPERLINK(".\sm_car_250503_1632\sm_car_250503_1632_063_Ca137TrN_MaWOT_ode23t.png","figure") -> figure | P64: Pass
A65: 64 | B65: 137 | C65: HambaLG | D65: dwb | E65: MFMbody | F65: steady | G65: f1Dr1D | H65: None | I65: Low Speed Steer | J65: ode23t | K65: 470 | L65: 4.7325089 | M65: 71.239096 | N65: -0.509466 | O65: =HYPERLINK(".\sm_car_250503_1632\sm_car_250503_1632_064_Ca137TrN_MaLSS_ode23t.png","figure") -> figure | P65: Pass
A66: 65 | B66: 138 | C66: HambaLG | D66: dwb | E66: MFMbody | F66: steady | G66: f1Dr1D | H66: None | I66: WOT Braking | J66: ode23t | K66: 326 | L66: 6.3864741 | M66: 231.05223 | N66: 0.15221924 | O66: =HYPERLINK(".\sm_car_250503_1632\sm_car_250503_1632_065_Ca138TrN_MaWOT_ode23t.png","figure") -> figure | P66: Pass
A67: 66 | B67: 138 | C67: HambaLG | D67: dwb | E67: MFMbody | F67: steady | G67: f1Dr1D | H67: None | I67: Low Speed Steer | J67: ode23t | K67: 480 | L67: 7.0454518 | M67: 71.130782 | N67: -0.8252824 | O67: =HYPERLINK(".\sm_car_250503_1632\sm_car_250503_1632_066_Ca138TrN_MaLSS_ode23t.png","figure") -> figure | P67: Pass
A68: 67 | B68: 139 | C68: Hamba | D68: dwb | E68: MFEval | F68: steady | G68: fCVpCVr1D | H68: None | I68: WOT Braking | J68: ode23t | K68: 729 | L68: 31.656464 | M68: 405.20523 | N68: 1.5482682 | O68: =HYPERLINK(".\sm_car_250503_1632\sm_car_250503_1632_067_Ca139TrN_MaWOT_ode23t.png","figure") -> figure | P68: Pass
A69: 68 | B69: 139 | C69: Hamba | D69: dwb | E69: MFEval | F69: steady | G69: fCVpCVr1D | H69: None | I69: Low Speed Steer | J69: ode23t | K69: 628 | L69: 19.024173 | M69: 154.33653 | N69: -0.57607613 | O69: =HYPERLINK(".\sm_car_250503_1632\sm_car_250503_1632_068_Ca139TrN_MaLSS_ode23t.png","figure") -> figure | P69: Pass
A70: 69 | B70: 141 | C70: Hamba | D70: dwb | E70: MFEval | F70: lintra | G70: fCVpCVr1D | H70: None | I70: WOT Braking | J70: ode23t | K70: 1962 | L70: 38.555218 | M70: 405.3098 | N70: 1.6278354 | O70: =HYPERLINK(".\sm_car_250503_1632\sm_car_250503_1632_069_Ca141TrN_MaWOT_ode23t.png","figure") -> figure | P70: Pass
A71: 70 | B71: 141 | C71: Hamba | D71: dwb | E71: MFEval | F71: lintra | G71: fCVpCVr1D | H71: None | I71: Low Speed Steer | J71: ode23t | K71: 1829 | L71: 24.406622 | M71: 154.41339 | N71: -0.58077485 | O71: =HYPERLINK(".\sm_car_250503_1632\sm_car_250503_1632_070_Ca141TrN_MaLSS_ode23t.png","figure") -> figure | P71: Pass
A72: 71 | B72: 143 | C72: Makhulu | D72: dwb | E72: MFEval2x | F72: steady | G72: fCVpCVr1D | H72: None | I72: WOT Braking | J72: ode23t | K72: 353 | L72: 15.546781 | M72: 95.821674 | N72: -0.031658773 | O72: =HYPERLINK(".\sm_car_250503_1632\sm_car_250503_1632_071_Ca143TrN_MaWOT_ode23t.png","figure") -> figure | P72: Pass
A73: 72 | B73: 143 | C73: Makhulu | D73: dwb | E73: MFEval2x | F73: steady | G73: fCVpCVr1D | H73: None | I73: Low Speed Steer | J73: ode23t | K73: 448 | L73: 17.335292 | M73: 25.014681 | N73: -0.052905398 | O73: =HYPERLINK(".\sm_car_250503_1632\sm_car_250503_1632_072_Ca143TrN_MaLSS_ode23t.png","figure") -> figure | P73: Pass
A74: 73 | B74: 144 | C74: Makhulu | D74: dwb | E74: MFEval | F74: steady | G74: fCVpCVr1D | H74: None | I74: WOT Braking | J74: ode23t | K74: 354 | L74: 11.855333 | M74: 114.0211 | N74: 0.52989004 | O74: =HYPERLINK(".\sm_car_250503_1632\sm_car_250503_1632_073_Ca144TrN_MaWOT_ode23t.png","figure") -> figure | P74: Pass
A75: 74 | B75: 144 | C75: Makhulu | D75: dwb | E75: MFEval | F75: steady | G75: fCVpCVr1D | H75: None | I75: Low Speed Steer | J75: ode23t | K75: 460 | L75: 14.702271 | M75: 35.600217 | N75: -0.031094151 | O75: =HYPERLINK(".\sm_car_250503_1632\sm_car_250503_1632_074_Ca144TrN_MaLSS_ode23t.png","figure") -> figure | P75: Pass
A76: 75 | B76: 147 | C76: Hamba | D76: dwb | E76: CFL | F76: steady | G76: fCVpCVr1D | H76: None | I76: WOT Braking | J76: ode23t | K76: 2517 | L76: 29.269763 | M76: 399.7253 | N76: -16.213352 | O76: =HYPERLINK(".\sm_car_250503_1632\sm_car_250503_1632_075_Ca147TrN_MaWOT_ode23t.png","figure") -> figure | P76: Pass
A77: 76 | B77: 147 | C77: Hamba | D77: dwb | E77: CFL | F77: steady | G77: fCVpCVr1D | H77: None | I77: Low Speed Steer | J77: ode23t | K77: 1275 | L77: 19.745452 | M77: 151.92477 | N77: -2.3090201 | O77: =HYPERLINK(".\sm_car_250503_1632\sm_car_250503_1632_076_Ca147TrN_MaLSS_ode23t.png","figure") -> figure | P77: Pass
A78: 77 | B78: 215 | C78: Achilles | D78: dwpull | E78: MFMbody | F78: 4MotorCool | G78: f1Dr1D | H78: None | I78: WOT Braking | J78: ode23t | K78: 312 | L78: 9.5360846 | M78: 229.67542 | N78: 0.005598089 | O78: =HYPERLINK(".\sm_car_250503_1632\sm_car_250503_1632_077_Ca215TrN_MaWOT_ode23t.png","figure") -> figure | P78: Pass
A79: 78 | B79: 215 | C79: Achilles | D79: dwpull | E79: MFMbody | F79: 4MotorCool | G79: f1Dr1D | H79: None | I79: Low Speed Steer | J79: ode23t | K79: 471 | L79: 8.8826054 | M79: 81.268282 | N79: -0.22189443 | O79: =HYPERLINK(".\sm_car_250503_1632\sm_car_250503_1632_078_Ca215TrN_MaLSS_ode23t.png","figure") -> figure | P79: Pass
A80: 79 | B80: 218 | C80: HambaLG | D80: MacPh | E80: MFMbody | F80: steady | G80: fCVpCVr1D | H80: None | I80: WOT Braking | J80: ode23t | K80: 352 | L80: 4.6997815 | M80: 230.35398 | N80: 0.17143723 | O80: =HYPERLINK(".\sm_car_250503_1632\sm_car_250503_1632_079_Ca218TrN_MaWOT_ode23t.png","figure") -> figure | P80: Pass
A81: 80 | B81: 218 | C81: HambaLG | D81: MacPh | E81: MFMbody | F81: steady | G81: fCVpCVr1D | H81: None | I81: Low Speed Steer | J81: ode23t | K81: 493 | L81: 5.1685528 | M81: 70.957584 | N81: -0.53349007 | O81: =HYPERLINK(".\sm_car_250503_1632\sm_car_250503_1632_080_Ca218TrN_MaLSS_ode23t.png","figure") -> figure | P81: Pass
A82: 81 | B82: 219 | C82: HambaLG | D82: dwbAU | E82: MFMbody | F82: steady | G82: fCVpCVr1D | H82: None | I82: WOT Braking | J82: ode23t | K82: 394 | L82: 7.370896 | M82: 229.80282 | N82: 0.17229978 | O82: =HYPERLINK(".\sm_car_250503_1632\sm_car_250503_1632_081_Ca219TrN_MaWOT_ode23t.png","figure") -> figure | P82: Pass
A83: 82 | B83: 219 | C83: HambaLG | D83: dwbAU | E83: MFMbody | F83: steady | G83: fCVpCVr1D | H83: None | I83: Low Speed Steer | J83: ode23t | K83: 505 | L83: 8.9445524 | M83: 70.789129 | N83: -0.55134281 | O83: =HYPERLINK(".\sm_car_250503_1632\sm_car_250503_1632_082_Ca219TrN_MaLSS_ode23t.png","figure") -> figure | P83: Pass
A84: 83 | B84: 220 | C84: HambaLG | D84: dwbAU | E84: MFMbody | F84: bushings | G84: fCVpCVr1D | H84: None | I84: WOT Braking | J84: ode23t | K84: 933 | L84: 31.089766 | M84: 223.95164 | N84: -1.2020821 | O84: =HYPERLINK(".\sm_car_250503_1632\sm_car_250503_1632_083_Ca220TrN_MaWOT_ode23t.png","figure") -> figure | P84: Pass
A85: 84 | B85: 220 | C85: HambaLG | D85: dwbAU | E85: MFMbody | F85: bushings | G85: fCVpCVr1D | H85: None | I85: Low Speed Steer | J85: ode23t | K85: 1092 | L85: 40.246279 | M85: 69.461481 | N85: -1.5021637 | O85: =HYPERLINK(".\sm_car_250503_1632\sm_car_250503_1632_084_Ca220TrN_MaLSS_ode23t.png","figure") -> figure | P85: Pass
A86: 85 | B86: 223 | C86: Achilles | D86: dwpush | E86: MFMbody | F86: steady | G86: f1Dr1D | H86: None | I86: WOT Braking | J86: ode23t | K86: 472 | L86: 7.4151837 | M86: 293.1795 | N86: 0.00015062755 | O86: =HYPERLINK(".\sm_car_250503_1632\sm_car_250503_1632_085_Ca223TrN_MaWOT_ode23t.png","figure") -> figure | P86: Pass
A87: 86 | B87: 223 | C87: Achilles | D87: dwpush | E87: MFMbody | F87: steady | G87: f1Dr1D | H87: None | I87: Low Speed Steer | J87: ode23t | K87: 659 | L87: 7.8945836 | M87: 103.53338 | N87: -0.15030927 | O87: =HYPERLINK(".\sm_car_250503_1632\sm_car_250503_1632_086_Ca223TrN_MaLSS_ode23t.png","figure") -> figure | P87: Pass
A88: 87 | B88: 227 | C88: Hamba | D88: TwistBeam | E88: MFMbody | F88: steady | G88: fCVpCVr1D | H88: None | I88: WOT Braking | J88: ode23t | K88: 640 | L88: 21.44097 | M88: 409.19766 | N88: 1.5824644 | O88: =HYPERLINK(".\sm_car_250503_1632\sm_car_250503_1632_087_Ca227TrN_MaWOT_ode23t.png","figure") -> figure | P88: Pass
A89: 88 | B89: 227 | C89: Hamba | D89: TwistBeam | E89: MFMbody | F89: steady | G89: fCVpCVr1D | H89: None | I89: Low Speed Steer | J89: ode23t | K89: 624 | L89: 13.395062 | M89: 156.26311 | N89: -0.35993463 | O89: =HYPERLINK(".\sm_car_250503_1632\sm_car_250503_1632_088_Ca227TrN_MaLSS_ode23t.png","figure") -> figure | P89: Pass
A90: 89 | B90: 8 | C90: HambaLG | D90: dwb | E90: MFSwift | F90: steady | G90: f1Dr1D | H90: None | I90: WOT Braking | J90: ode23t | K90: 390 | L90: 12.038164 | M90: 231.25343 | N90: -0.004105554 | O90: =HYPERLINK(".\sm_car_250503_1632\sm_car_250503_1632_089_Ca008TrN_MaWOT_ode23t_1.png","figure") -> figure | P90: Pass
A91: 90 | B91: 8 | C91: HambaLG | D91: dwb | E91: MFSwift | F91: steady | G91: f1Dr1D | H91: None | I91: Low Speed Steer | J91: ode23t | K91: 545 | L91: 14.353247 | M91: 71.25704 | N91: -0.53862879 | O91: =HYPERLINK(".\sm_car_250503_1632\sm_car_250503_1632_090_Ca008TrN_MaLSS_ode23t_1.png","figure") -> figure | P91: Pass
A92: 91 | B92: 9 | C92: HambaLG | D92: dwb | E92: MFSwift | F92: steady | G92: f1D3Dr1D | H92: None | I92: WOT Braking | J92: ode23t | K92: 376 | L92: 13.083646 | M92: 230.28926 | N92: -0.012681374 | O92: =HYPERLINK(".\sm_car_250503_1632\sm_car_250503_1632_091_Ca009TrN_MaWOT_ode23t_1.png","figure") -> figure | P92: Pass
A93: 92 | B93: 9 | C93: HambaLG | D93: dwb | E93: MFSwift | F93: steady | G93: f1D3Dr1D | H93: None | I93: Low Speed Steer | J93: ode23t | K93: 534 | L93: 15.947615 | M93: 70.963069 | N93: -0.53209509 | O93: =HYPERLINK(".\sm_car_250503_1632\sm_car_250503_1632_092_Ca009TrN_MaLSS_ode23t_1.png","figure") -> figure | P93: Pass
A94: 93 | B94: 10 | C94: HambaLG | D94: dwb | E94: MFSwift | F94: steady | G94: fCVpCVr1D | H94: None | I94: WOT Braking | J94: ode23t | K94: 407 | L94: 15.149515 | M94: 230.31105 | N94: 0.051892991 | O94: =HYPERLINK(".\sm_car_250503_1632\sm_car_250503_1632_093_Ca010TrN_MaWOT_ode23t_1.png","figure") -> figure | P94: Pass
A95: 94 | B95: 10 | C95: HambaLG | D95: dwb | E95: MFSwift | F95: steady | G95: fCVpCVr1D | H95: None | I95: Low Speed Steer | J95: ode23t | K95: 561 | L95: 18.69354 | M95: 70.974658 | N95: -0.52787348 | O95: =HYPERLINK(".\sm_car_250503_1632\sm_car_250503_1632_094_Ca010TrN_MaLSS_ode23t_1.png","figure") -> figure | P95: Pass
A96: 95 | B96: 11 | C96: HambaLG | D96: dwb | E96: MFSwift | F96: steady | G96: fCVpCVflexr1D | H96: None | I96: WOT Braking | J96: ode23t | K96: 445 | L96: 16.166585 | M96: 229.8186 | N96: 0.059199768 | O96: =HYPERLINK(".\sm_car_250503_1632\sm_car_250503_1632_095_Ca011TrN_MaWOT_ode23t_1.png","figure") -> figure | P96: Pass
A97: 96 | B97: 11 | C97: HambaLG | D97: dwb | E97: MFSwift | F97: steady | G97: fCVpCVflexr1D | H97: None | I97: Low Speed Steer | J97: ode23t | K97: 580 | L97: 18.694261 | M97: 70.836405 | N97: -0.51922679 | O97: =HYPERLINK(".\sm_car_250503_1632\sm_car_250503_1632_096_Ca011TrN_MaLSS_ode23t_1.png","figure") -> figure | P97: Pass
A98: 97 | B98: 12 | C98: HambaLG | D98: dwb | E98: MFSwift | F98: lintra | G98: f1Dr1D | H98: None | I98: WOT Braking | J98: ode23t | K98: 841 | L98: 13.08842 | M98: 231.19637 | N98: -0.0036928518 | O98: =HYPERLINK(".\sm_car_250503_1632\sm_car_250503_1632_097_Ca012TrN_MaWOT_ode23t_1.png","figure") -> figure | P98: Pass
A99: 98 | B99: 12 | C99: HambaLG | D99: dwb | E99: MFSwift | F99: lintra | G99: f1Dr1D | H99: None | I99: Low Speed Steer | J99: ode23t | K99: 967 | L99: 13.607202 | M99: 71.248618 | N99: -0.5435971 | O99: =HYPERLINK(".\sm_car_250503_1632\sm_car_250503_1632_098_Ca012TrN_MaLSS_ode23t_1.png","figure") -> figure | P99: Pass
A100: 99 | B100: 13 | C100: HambaLG | D100: dwb | E100: MFSwift | F100: lintra | G100: f1D3Dr1D | H100: None | I100: WOT Braking | J100: ode23t | K100: 846 | L100: 14.48764 | M100: 230.2589 | N100: -0.011823143 | O100: =HYPERLINK(".\sm_car_250503_1632\sm_car_250503_1632_099_Ca013TrN_MaWOT_ode23t_1.png","figure") -> figure | P100: Pass
...

Sheet 2022a_250601_0524
A1: Run | B1: Preset | C1: Body | D1: SuspF | E1: Tire | F1: TirDyn | G1: Drv | H1: Trail | I1: Mane | J1: Solv | K1: # Steps | L1: Time | M1: xFinal | N1: yFinal | O1: Figure | P1: Pass | R1: 01-Jun-2025 08:02:27
A2: 1 | B2: 0 | C2: HambaLG | D2: dwb | E2: MFEval | F2: steady | G2: f1Dr1D | H2: None | I2: WOT Braking | J2: ode23t | K2: 423 | L2: 6.7056863 | M2: 231.21774 | N2: -0.0048384782 | O2: =HYPERLINK(".\sm_car_250601_0524\sm_car_250601_0524_001_Ca000TrN_MaWOT_ode23t.png","figure") -> figure | P2: Pass | R2: MATHWORKS-OL1OH
A3: 2 | B3: 0 | C3: HambaLG | D3: dwb | E3: MFEval | F3: steady | G3: f1Dr1D | H3: None | I3: Low Speed Steer | J3: ode23t | K3: 533 | L3: 7.257732 | M3: 71.236125 | N3: -0.53981194 | O3: =HYPERLINK(".\sm_car_250601_0524\sm_car_250601_0524_002_Ca000TrN_MaLSS_ode23t.png","figure") -> figure | P3: Pass | R3: 9.12.0.2529717 (R2022a) Update 8
A4: 3 | B4: 1 | C4: HambaLG | D4: dwb | E4: MFEval | F4: steady | G4: f1D3Dr1D | H4: None | I4: WOT Braking | J4: ode23t | K4: 421 | L4: 7.1738934 | M4: 230.31074 | N4: -0.012513167 | O4: =HYPERLINK(".\sm_car_250601_0524\sm_car_250601_0524_003_Ca001TrN_MaWOT_ode23t.png","figure") -> figure | P4: Pass | R4: MF-Swift Version: 2306
A5: 4 | B5: 1 | C5: HambaLG | D5: dwb | E5: MFEval | F5: steady | G5: f1D3Dr1D | H5: None | I5: Low Speed Steer | J5: ode23t | K5: 522 | L5: 7.9549981 | M5: 70.961988 | N5: -0.53536837 | O5: =HYPERLINK(".\sm_car_250601_0524\sm_car_250601_0524_004_Ca001TrN_MaLSS_ode23t.png","figure") -> figure | P5: Pass | R5: R22asrc v4p1 OrigStanley
A6: 5 | B6: 2 | C6: HambaLG | D6: dwb | E6: MFEval | F6: steady | G6: fCVpCVr1D | H6: None | I6: WOT Braking | J6: ode23t | K6: 431 | L6: 10.247912 | M6: 230.39353 | N6: 0.053633281 | O6: =HYPERLINK(".\sm_car_250601_0524\sm_car_250601_0524_005_Ca002TrN_MaWOT_ode23t.png","figure") -> figure | P6: Pass
A7: 6 | B7: 2 | C7: HambaLG | D7: dwb | E7: MFEval | F7: steady | G7: fCVpCVr1D | H7: None | I7: Low Speed Steer | J7: ode23t | K7: 526 | L7: 10.965132 | M7: 70.960569 | N7: -0.52803159 | O7: =HYPERLINK(".\sm_car_250601_0524\sm_car_250601_0524_006_Ca002TrN_MaLSS_ode23t.png","figure") -> figure | P7: Pass
A8: 7 | B8: 3 | C8: HambaLG | D8: dwb | E8: MFEval | F8: steady | G8: fCVpCVflexr1D | H8: None | I8: WOT Braking | J8: ode23t | K8: 495 | L8: 11.795095 | M8: 229.89358 | N8: 0.062849007 | O8: =HYPERLINK(".\sm_car_250601_0524\sm_car_250601_0524_007_Ca003TrN_MaWOT_ode23t.png","figure") -> figure | P8: Pass
A9: 8 | B9: 3 | C9: HambaLG | D9: dwb | E9: MFEval | F9: steady | G9: fCVpCVflexr1D | H9: None | I9: Low Speed Steer | J9: ode23t | K9: 547 | L9: 11.59813 | M9: 70.819479 | N9: -0.52802652 | O9: =HYPERLINK(".\sm_car_250601_0524\sm_car_250601_0524_008_Ca003TrN_MaLSS_ode23t.png","figure") -> figure | P9: Pass
A10: 9 | B10: 4 | C10: HambaLG | D10: dwb | E10: MFEval | F10: lintra | G10: f1Dr1D | H10: None | I10: WOT Braking | J10: ode23t | K10: 1085 | L10: 10.681525 | M10: 231.35048 | N10: -0.0040514741 | O10: =HYPERLINK(".\sm_car_250601_0524\sm_car_250601_0524_009_Ca004TrN_MaWOT_ode23t.png","figure") -> figure | P10: Pass
A11: 10 | B11: 4 | C11: HambaLG | D11: dwb | E11: MFEval | F11: lintra | G11: f1Dr1D | H11: None | I11: Low Speed Steer | J11: ode23t | K11: 1206 | L11: 12.24903 | M11: 71.245659 | N11: -0.54254908 | O11: =HYPERLINK(".\sm_car_250601_0524\sm_car_250601_0524_010_Ca004TrN_MaLSS_ode23t.png","figure") -> figure | P11: Pass
A12: 11 | B12: 5 | C12: HambaLG | D12: dwb | E12: MFEval | F12: lintra | G12: f1D3Dr1D | H12: None | I12: WOT Braking | J12: ode23t | K12: 1124 | L12: 12.782398 | M12: 230.28633 | N12: -0.013535337 | O12: =HYPERLINK(".\sm_car_250601_0524\sm_car_250601_0524_011_Ca005TrN_MaWOT_ode23t.png","figure") -> figure | P12: Pass
A13: 12 | B13: 5 | C13: HambaLG | D13: dwb | E13: MFEval | F13: lintra | G13: f1D3Dr1D | H13: None | I13: Low Speed Steer | J13: ode23t | K13: 1240 | L13: 14.192569 | M13: 70.963484 | N13: -0.53562428 | O13: =HYPERLINK(".\sm_car_250601_0524\sm_car_250601_0524_012_Ca005TrN_MaLSS_ode23t.png","figure") -> figure | P13: Pass
A14: 13 | B14: 6 | C14: HambaLG | D14: dwb | E14: MFEval | F14: lintra | G14: fCVpCVr1D | H14: None | I14: WOT Braking | J14: ode23t | K14: 1192 | L14: 16.12765 | M14: 230.31972 | N14: 0.055554849 | O14: =HYPERLINK(".\sm_car_250601_0524\sm_car_250601_0524_013_Ca006TrN_MaWOT_ode23t.png","figure") -> figure | P14: Pass
A15: 14 | B15: 6 | C15: HambaLG | D15: dwb | E15: MFEval | F15: lintra | G15: fCVpCVr1D | H15: None | I15: Low Speed Steer | J15: ode23t | K15: 1291 | L15: 15.003005 | M15: 70.956871 | N15: -0.53363312 | O15: =HYPERLINK(".\sm_car_250601_0524\sm_car_250601_0524_014_Ca006TrN_MaLSS_ode23t.png","figure") -> figure | P15: Pass
A16: 15 | B16: 7 | C16: HambaLG | D16: dwb | E16: MFEval | F16: lintra | G16: fCVpCVflexr1D | H16: None | I16: WOT Braking | J16: ode23t | K16: 1208 | L16: 17.09014 | M16: 229.90339 | N16: 0.052787602 | O16: =HYPERLINK(".\sm_car_250601_0524\sm_car_250601_0524_015_Ca007TrN_MaWOT_ode23t.png","figure") -> figure | P16: Pass
A17: 16 | B17: 7 | C17: HambaLG | D17: dwb | E17: MFEval | F17: lintra | G17: fCVpCVflexr1D | H17: None | I17: Low Speed Steer | J17: ode23t | K17: 1285 | L17: 16.630284 | M17: 70.837616 | N17: -0.52847431 | O17: =HYPERLINK(".\sm_car_250601_0524\sm_car_250601_0524_016_Ca007TrN_MaLSS_ode23t.png","figure") -> figure | P17: Pass
A18: 17 | B18: 16 | C18: HambaLG | D18: dwa | E18: MFEval | F18: steady | G18: f1Dr1D | H18: None | I18: WOT Braking | J18: ode23t | K18: 408 | L18: 5.7314453 | M18: 231.97853 | N18: -0.071781088 | O18: =HYPERLINK(".\sm_car_250601_0524\sm_car_250601_0524_017_Ca016TrN_MaWOT_ode23t.png","figure") -> figure | P18: Pass
A19: 18 | B19: 16 | C19: HambaLG | D19: dwa | E19: MFEval | F19: steady | G19: f1Dr1D | H19: None | I19: Low Speed Steer | J19: ode23t | K19: 495 | L19: 6.0133815 | M19: 71.527441 | N19: -0.021637558 | O19: =HYPERLINK(".\sm_car_250601_0524\sm_car_250601_0524_018_Ca016TrN_MaLSS_ode23t.png","figure") -> figure | P19: Pass
A20: 19 | B20: 32 | C20: HambaLG | D20: S2LAF | E20: MFEval | F20: steady | G20: f1Dr1D | H20: None | I20: WOT Braking | J20: ode23t | K20: 414 | L20: 8.686761 | M20: 231.38141 | N20: 0.0070624016 | O20: =HYPERLINK(".\sm_car_250601_0524\sm_car_250601_0524_019_Ca032TrN_MaWOT_ode23t.png","figure") -> figure | P20: Pass
A21: 20 | B21: 32 | C21: HambaLG | D21: S2LAF | E21: MFEval | F21: steady | G21: f1Dr1D | H21: None | I21: Low Speed Steer | J21: ode23t | K21: 517 | L21: 8.4787389 | M21: 71.249585 | N21: -0.52146089 | O21: =HYPERLINK(".\sm_car_250601_0524\sm_car_250601_0524_020_Ca032TrN_MaLSS_ode23t.png","figure") -> figure | P21: Pass
A22: 21 | B22: 48 | C22: HambaLG | D22: S2LAR | E22: MFEval | F22: steady | G22: f1Dr1D | H22: None | I22: WOT Braking | J22: ode23t | K22: 406 | L22: 7.8970969 | M22: 231.32209 | N22: -0.017328938 | O22: =HYPERLINK(".\sm_car_250601_0524\sm_car_250601_0524_021_Ca048TrN_MaWOT_ode23t.png","figure") -> figure | P22: Pass
A23: 22 | B23: 48 | C23: HambaLG | D23: S2LAR | E23: MFEval | F23: steady | G23: f1Dr1D | H23: None | I23: Low Speed Steer | J23: ode23t | K23: 532 | L23: 9.4903049 | M23: 71.252886 | N23: -0.52884314 | O23: =HYPERLINK(".\sm_car_250601_0524\sm_car_250601_0524_022_Ca048TrN_MaLSS_ode23t.png","figure") -> figure | P23: Pass
A24: 23 | B24: 64 | C24: HambaLG | D24: 5S2LAF | E24: MFEval | F24: steady | G24: f1Dr1D | H24: None | I24: WOT Braking | J24: ode23t | K24: 411 | L24: 8.5242263 | M24: 231.29335 | N24: 0.0093446068 | O24: =HYPERLINK(".\sm_car_250601_0524\sm_car_250601_0524_023_Ca064TrN_MaWOT_ode23t.png","figure") -> figure | P24: Pass
A25: 24 | B25: 64 | C25: HambaLG | D25: 5S2LAF | E25: MFEval | F25: steady | G25: f1Dr1D | H25: None | I25: Low Speed Steer | J25: ode23t | K25: 526 | L25: 8.8271603 | M25: 71.251971 | N25: -0.51781249 | O25: =HYPERLINK(".\sm_car_250601_0524\sm_car_250601_0524_024_Ca064TrN_MaLSS_ode23t.png","figure") -> figure | P25: Pass
A26: 25 | B26: 80 | C26: HambaLG | D26: 5S2LAR | E26: MFEval | F26: steady | G26: f1Dr1D | H26: None | I26: WOT Braking | J26: ode23t | K26: 398 | L26: 9.0111881 | M26: 231.28238 | N26: -0.02050726 | O26: =HYPERLINK(".\sm_car_250601_0524\sm_car_250601_0524_025_Ca080TrN_MaWOT_ode23t.png","figure") -> figure | P26: Pass
A27: 26 | B27: 80 | C27: HambaLG | D27: 5S2LAR | E27: MFEval | F27: steady | G27: f1Dr1D | H27: None | I27: Low Speed Steer | J27: ode23t | K27: 507 | L27: 8.6161303 | M27: 71.246926 | N27: -0.52526632 | O27: =HYPERLINK(".\sm_car_250601_0524\sm_car_250601_0524_026_Ca080TrN_MaLSS_ode23t.png","figure") -> figure | P27: Pass
A28: 27 | B28: 96 | C28: HambaLG | D28: 5CS2LAF | E28: MFEval | F28: steady | G28: f1Dr1D | H28: None | I28: WOT Braking | J28: ode23t | K28: 409 | L28: 7.0869329 | M28: 233.07855 | N28: 0.020066921 | O28: =HYPERLINK(".\sm_car_250601_0524\sm_car_250601_0524_027_Ca096TrN_MaWOT_ode23t.png","figure") -> figure | P28: Pass
A29: 28 | B29: 96 | C29: HambaLG | D29: 5CS2LAF | E29: MFEval | F29: steady | G29: f1Dr1D | H29: None | I29: Low Speed Steer | J29: ode23t | K29: 522 | L29: 6.9786586 | M29: 71.763515 | N29: -0.52889785 | O29: =HYPERLINK(".\sm_car_250601_0524\sm_car_250601_0524_028_Ca096TrN_MaLSS_ode23t.png","figure") -> figure | P29: Pass
A30: 29 | B30: 112 | C30: HambaLG | D30: 15DOF | E30: MFEval | F30: steady | G30: f1Dr1D | H30: None | I30: WOT Braking | J30: ode23t | K30: 371 | L30: 2.7622736 | M30: 242.63851 | N30: 0.23540517 | O30: =HYPERLINK(".\sm_car_250601_0524\sm_car_250601_0524_029_Ca112TrN_MaWOT_ode23t.png","figure") -> figure | P30: Pass
A31: 30 | B31: 112 | C31: HambaLG | D31: 15DOF | E31: MFEval | F31: steady | G31: f1Dr1D | H31: None | I31: Low Speed Steer | J31: ode23t | K31: 484 | L31: 2.8833129 | M31: 74.671083 | N31: -0.33699343 | O31: =HYPERLINK(".\sm_car_250601_0524\sm_car_250601_0524_030_Ca112TrN_MaLSS_ode23t.png","figure") -> figure | P31: Pass
A32: 31 | B32: 113 | C32: HambaLG | D32: 15DOF | E32: MFEval | F32: steady | G32: f1D3Dr1D | H32: None | I32: WOT Braking | J32: ode23t | K32: 376 | L32: 2.972127 | M32: 241.62954 | N32: 0.23230223 | O32: =HYPERLINK(".\sm_car_250601_0524\sm_car_250601_0524_031_Ca113TrN_MaWOT_ode23t.png","figure") -> figure | P32: Pass
A33: 32 | B33: 113 | C33: HambaLG | D33: 15DOF | E33: MFEval | F33: steady | G33: f1D3Dr1D | H33: None | I33: Low Speed Steer | J33: ode23t | K33: 484 | L33: 3.1047829 | M33: 74.340099 | N33: -0.33372693 | O33: =HYPERLINK(".\sm_car_250601_0524\sm_car_250601_0524_032_Ca113TrN_MaLSS_ode23t.png","figure") -> figure | P33: Pass
A34: 33 | B34: 114 | C34: HambaLG | D34: 15DOF | E34: MFEval | F34: steady | G34: fCVpCVr1D | H34: None | I34: WOT Braking | J34: ode23t | K34: 365 | L34: 3.2287927 | M34: 241.54136 | N34: 0.23257024 | O34: =HYPERLINK(".\sm_car_250601_0524\sm_car_250601_0524_033_Ca114TrN_MaWOT_ode23t.png","figure") -> figure | P34: Pass
A35: 34 | B35: 114 | C35: HambaLG | D35: 15DOF | E35: MFEval | F35: steady | G35: fCVpCVr1D | H35: None | I35: Low Speed Steer | J35: ode23t | K35: 474 | L35: 3.5770158 | M35: 74.357376 | N35: -0.33401218 | O35: =HYPERLINK(".\sm_car_250601_0524\sm_car_250601_0524_034_Ca114TrN_MaLSS_ode23t.png","figure") -> figure | P35: Pass
A36: 35 | B36: 115 | C36: HambaLG | D36: 15DOF | E36: MFEval | F36: steady | G36: fCVpCVflexr1D | H36: None | I36: WOT Braking | J36: ode23t | K36: 402 | L36: 3.4752567 | M36: 241.25491 | N36: 0.23086756 | O36: =HYPERLINK(".\sm_car_250601_0524\sm_car_250601_0524_035_Ca115TrN_MaWOT_ode23t.png","figure") -> figure | P36: Pass
A37: 36 | B37: 115 | C37: HambaLG | D37: 15DOF | E37: MFEval | F37: steady | G37: fCVpCVflexr1D | H37: None | I37: Low Speed Steer | J37: ode23t | K37: 505 | L37: 3.5067712 | M37: 74.216397 | N37: -0.33149412 | O37: =HYPERLINK(".\sm_car_250601_0524\sm_car_250601_0524_036_Ca115TrN_MaLSS_ode23t.png","figure") -> figure | P37: Pass
A38: 37 | B38: 116 | C38: HambaLG | D38: 15DOF | E38: MFEval | F38: lintra | G38: f1Dr1D | H38: None | I38: WOT Braking | J38: ode23t | K38: 917 | L38: 4.5502774 | M38: 242.55284 | N38: 0.23659137 | O38: =HYPERLINK(".\sm_car_250601_0524\sm_car_250601_0524_037_Ca116TrN_MaWOT_ode23t.png","figure") -> figure | P38: Pass
A39: 38 | B39: 116 | C39: HambaLG | D39: 15DOF | E39: MFEval | F39: lintra | G39: f1Dr1D | H39: None | I39: Low Speed Steer | J39: ode23t | K39: 1057 | L39: 5.3000701 | M39: 74.66266 | N39: -0.34010559 | O39: =HYPERLINK(".\sm_car_250601_0524\sm_car_250601_0524_038_Ca116TrN_MaLSS_ode23t.png","figure") -> figure | P39: Pass
A40: 39 | B40: 117 | C40: HambaLG | D40: 15DOF | E40: MFEval | F40: lintra | G40: f1D3Dr1D | H40: None | I40: WOT Braking | J40: ode23t | K40: 963 | L40: 5.0647069 | M40: 241.50229 | N40: 0.23261616 | O40: =HYPERLINK(".\sm_car_250601_0524\sm_car_250601_0524_039_Ca117TrN_MaWOT_ode23t.png","figure") -> figure | P40: Pass
A41: 40 | B41: 117 | C41: HambaLG | D41: 15DOF | E41: MFEval | F41: lintra | G41: f1D3Dr1D | H41: None | I41: Low Speed Steer | J41: ode23t | K41: 1063 | L41: 5.7001551 | M41: 74.339005 | N41: -0.33658754 | O41: =HYPERLINK(".\sm_car_250601_0524\sm_car_250601_0524_040_Ca117TrN_MaLSS_ode23t.png","figure") -> figure | P41: Pass
A42: 41 | B42: 118 | C42: HambaLG | D42: 15DOF | E42: MFEval | F42: lintra | G42: fCVpCVr1D | H42: None | I42: WOT Braking | J42: ode23t | K42: 947 | L42: 5.6638956 | M42: 241.23065 | N42: 0.2325248 | O42: =HYPERLINK(".\sm_car_250601_0524\sm_car_250601_0524_041_Ca118TrN_MaWOT_ode23t.png","figure") -> figure | P42: Pass
A43: 42 | B43: 118 | C43: HambaLG | D43: 15DOF | E43: MFEval | F43: lintra | G43: fCVpCVr1D | H43: None | I43: Low Speed Steer | J43: ode23t | K43: 1083 | L43: 6.1869424 | M43: 74.337064 | N43: -0.33611418 | O43: =HYPERLINK(".\sm_car_250601_0524\sm_car_250601_0524_042_Ca118TrN_MaLSS_ode23t.png","figure") -> figure | P43: Pass
A44: 43 | B44: 119 | C44: HambaLG | D44: 15DOF | E44: MFEval | F44: lintra | G44: fCVpCVflexr1D | H44: None | I44: WOT Braking | J44: ode23t | K44: 996 | L44: 6.2031111 | M44: 240.99456 | N44: 0.23171031 | O44: =HYPERLINK(".\sm_car_250601_0524\sm_car_250601_0524_043_Ca119TrN_MaWOT_ode23t.png","figure") -> figure | P44: Pass
A45: 44 | B45: 119 | C45: HambaLG | D45: 15DOF | E45: MFEval | F45: lintra | G45: fCVpCVflexr1D | H45: None | I45: Low Speed Steer | J45: ode23t | K45: 1100 | L45: 6.3542844 | M45: 74.191759 | N45: -0.33397949 | O45: =HYPERLINK(".\sm_car_250601_0524\sm_car_250601_0524_044_Ca119TrN_MaLSS_ode23t.png","figure") -> figure | P45: Pass
A46: 45 | B46: 128 | C46: HambaLG | D46: dwb | E46: MFMbody | F46: steady | G46: oneShaft | H46: None | I46: WOT Braking | J46: ode23t | K46: 324 | L46: 5.990018 | M46: 99.814061 | N46: -0.017632182 | O46: =HYPERLINK(".\sm_car_250601_0524\sm_car_250601_0524_045_Ca128TrN_MaWOT_ode23t.png","figure") -> figure | P46: Pass
A47: 46 | B47: 128 | C47: HambaLG | D47: dwb | E47: MFMbody | F47: steady | G47: oneShaft | H47: None | I47: Low Speed Steer | J47: ode23t | K47: 445 | L47: 7.938791 | M47: 36.975822 | N47: -0.13066799 | O47: =HYPERLINK(".\sm_car_250601_0524\sm_car_250601_0524_046_Ca128TrN_MaLSS_ode23t.png","figure") -> figure | P47: Pass
A48: 47 | B48: 129 | C48: HambaLG | D48: dwb | E48: MFMbody | F48: steady | G48: fCVrCV | H48: None | I48: WOT Braking | J48: ode23t | K48: 340 | L48: 7.5539445 | M48: 229.36392 | N48: 0.055396185 | O48: =HYPERLINK(".\sm_car_250601_0524\sm_car_250601_0524_047_Ca129TrN_MaWOT_ode23t.png","figure") -> figure | P48: Pass
A49: 48 | B49: 129 | C49: HambaLG | D49: dwb | E49: MFMbody | F49: steady | G49: fCVrCV | H49: None | I49: Low Speed Steer | J49: ode23t | K49: 480 | L49: 8.6804682 | M49: 70.691905 | N49: -0.52715894 | O49: =HYPERLINK(".\sm_car_250601_0524\sm_car_250601_0524_048_Ca129TrN_MaLSS_ode23t.png","figure") -> figure | P49: Pass
A50: 49 | B50: 130 | C50: HambaLG | D50: dwb | E50: MFEval | F50: steady | G50: 1D3DABS | H50: None | I50: WOT Braking | J50: ode23t | K50: 800 | L50: 23.191436 | M50: 217.28171 | N50: -1.536225 | O50: =HYPERLINK(".\sm_car_250601_0524\sm_car_250601_0524_049_Ca130TrN_MaWOT_ode23t.png","figure") -> figure | P50: Pass
A51: 50 | B51: 130 | C51: HambaLG | D51: dwb | E51: MFEval | F51: steady | G51: 1D3DABS | H51: None | I51: Low Speed Steer | J51: ode23t | K51: 779 | L51: 21.271351 | M51: 68.779506 | N51: -0.54405574 | O51: =HYPERLINK(".\sm_car_250601_0524\sm_car_250601_0524_050_Ca130TrN_MaLSS_ode23t.png","figure") -> figure | P51: Pass
A52: 51 | B52: 131 | C52: HambaLG | D52: dwb | E52: MFMbody | F52: steady | G52: sprFnl | H52: None | I52: WOT Braking | J52: ode23t | K52: 363 | L52: 5.2025188 | M52: 230.10132 | N52: -0.041828479 | O52: =HYPERLINK(".\sm_car_250601_0524\sm_car_250601_0524_051_Ca131TrN_MaWOT_ode23t.png","figure") -> figure | P52: Pass
A53: 52 | B53: 131 | C53: HambaLG | D53: dwb | E53: MFMbody | F53: steady | G53: sprFnl | H53: None | I53: Low Speed Steer | J53: ode23t | K53: 497 | L53: 5.5780727 | M53: 70.962308 | N53: -0.54092331 | O53: =HYPERLINK(".\sm_car_250601_0524\sm_car_250601_0524_052_Ca131TrN_MaLSS_ode23t.png","figure") -> figure | P53: Pass
A54: 53 | B54: 132 | C54: HambaLG | D54: dwb | E54: MFMbody | F54: steady | G54: sprconRnl | H54: None | I54: WOT Braking | J54: ode23t | K54: 367 | L54: 5.0752876 | M54: 230.4059 | N54: -0.0090969847 | O54: =HYPERLINK(".\sm_car_250601_0524\sm_car_250601_0524_053_Ca132TrN_MaWOT_ode23t.png","figure") -> figure | P54: Pass
A55: 54 | B55: 132 | C55: HambaLG | D55: dwb | E55: MFMbody | F55: steady | G55: sprconRnl | H55: None | I55: Low Speed Steer | J55: ode23t | K55: 493 | L55: 5.7033507 | M55: 70.960602 | N55: -0.53634739 | O55: =HYPERLINK(".\sm_car_250601_0524\sm_car_250601_0524_054_Ca132TrN_MaLSS_ode23t.png","figure") -> figure | P55: Pass
A56: 55 | B56: 133 | C56: HambaLG | D56: dwb | E56: MFMbody | F56: steady | G56: sprLin | H56: None | I56: WOT Braking | J56: ode23t | K56: 354 | L56: 5.4574601 | M56: 230.3889 | N56: -0.0075062799 | O56: =HYPERLINK(".\sm_car_250601_0524\sm_car_250601_0524_055_Ca133TrN_MaWOT_ode23t.png","figure") -> figure | P56: Pass
A57: 56 | B57: 133 | C57: HambaLG | D57: dwb | E57: MFMbody | F57: steady | G57: sprLin | H57: None | I57: Low Speed Steer | J57: ode23t | K57: 497 | L57: 5.6310516 | M57: 70.970673 | N57: -0.52834201 | O57: =HYPERLINK(".\sm_car_250601_0524\sm_car_250601_0524_056_Ca133TrN_MaLSS_ode23t.png","figure") -> figure | P57: Pass
A58: 57 | B58: 134 | C58: HambaLG | D58: dwb | E58: MFMbody | F58: steady | G58: daminRnl | H58: None | I58: WOT Braking | J58: ode23t | K58: 358 | L58: 5.1141091 | M58: 230.38628 | N58: -0.012699869 | O58: =HYPERLINK(".\sm_car_250601_0524\sm_car_250601_0524_057_Ca134TrN_MaWOT_ode23t.png","figure") -> figure | P58: Pass
A59: 58 | B59: 134 | C59: HambaLG | D59: dwb | E59: MFMbody | F59: steady | G59: daminRnl | H59: None | I59: Low Speed Steer | J59: ode23t | K59: 502 | L59: 5.7581389 | M59: 70.976516 | N59: -0.53434254 | O59: =HYPERLINK(".\sm_car_250601_0524\sm_car_250601_0524_058_Ca134TrN_MaLSS_ode23t.png","figure") -> figure | P59: Pass
A60: 59 | B60: 135 | C60: HambaLG | D60: dwb | E60: MFMbody | F60: steady | G60: damconFnl | H60: None | I60: WOT Braking | J60: ode23t | K60: 346 | L60: 4.9040745 | M60: 230.39182 | N60: -0.011090319 | O60: =HYPERLINK(".\sm_car_250601_0524\sm_car_250601_0524_059_Ca135TrN_MaWOT_ode23t.png","figure") -> figure | P60: Pass
A61: 60 | B61: 135 | C61: HambaLG | D61: dwb | E61: MFMbody | F61: steady | G61: damconFnl | H61: None | I61: Low Speed Steer | J61: ode23t | K61: 490 | L61: 5.4244252 | M61: 70.979965 | N61: -0.52629443 | O61: =HYPERLINK(".\sm_car_250601_0524\sm_car_250601_0524_060_Ca135TrN_MaLSS_ode23t.png","figure") -> figure | P61: Pass
A62: 61 | B62: 136 | C62: HambaLG | D62: dwb | E62: MFMbody | F62: steady | G62: CVCVp1D | H62: None | I62: WOT Braking | J62: ode23t | K62: 363 | L62: 5.6619723 | M62: 230.28749 | N62: 0.057437039 | O62: =HYPERLINK(".\sm_car_250601_0524\sm_car_250601_0524_061_Ca136TrN_MaWOT_ode23t.png","figure") -> figure | P62: Pass
A63: 62 | B63: 136 | C63: HambaLG | D63: dwb | E63: MFMbody | F63: steady | G63: CVCVp1D | H63: None | I63: Low Speed Steer | J63: ode23t | K63: 491 | L63: 6.5560717 | M63: 70.970897 | N63: -0.52998808 | O63: =HYPERLINK(".\sm_car_250601_0524\sm_car_250601_0524_062_Ca136TrN_MaLSS_ode23t.png","figure") -> figure | P63: Pass
A64: 63 | B64: 137 | C64: HambaLG | D64: dwb | E64: MFMbody | F64: steady | G64: f1Dr1D | H64: None | I64: WOT Braking | J64: ode23t | K64: 322 | L64: 3.9287929 | M64: 231.13057 | N64: 0.14153927 | O64: =HYPERLINK(".\sm_car_250601_0524\sm_car_250601_0524_063_Ca137TrN_MaWOT_ode23t.png","figure") -> figure | P64: Pass
A65: 64 | B65: 137 | C65: HambaLG | D65: dwb | E65: MFMbody | F65: steady | G65: f1Dr1D | H65: None | I65: Low Speed Steer | J65: ode23t | K65: 480 | L65: 4.9159351 | M65: 71.239976 | N65: -0.51296852 | O65: =HYPERLINK(".\sm_car_250601_0524\sm_car_250601_0524_064_Ca137TrN_MaLSS_ode23t.png","figure") -> figure | P65: Pass
